source,query,topic_id,post_id,url,title,created_at,author_hash,reply_count,views,like_count,text,word_count,mentions_s4hana,mentions_fiori,mentions_uipath,mentions_sap_gui,T1_ui_selector_breakage,T2_data_model_transaction_change,T3_auth_landscape_access,T4_timing_reliability,T5_adaptation_method,T6_governance_change_management,T7_business_impact,T8_strategy_decision,suggested_theme_count
uipath_forum,"""SAP S/4HANA"" ""UiPath""",877129,1894645,https://forum.uipath.com/t/seamless-sap-s-4hana-uipath-integration-odata-connection-setup-guide/877129/1,Seamless SAP S/4HANA & UiPath Integration: OData Connection Setup Guide! 🚀,2025-02-17T11:02:18.059Z,9aead1bba3f3adb2,0,127,,Seamless SAP S/4HANA & UiPath Integration: OData Connection Setup Guide! 🔧 128×128 1.64 KB 00:25 – ⚙ 128×128 4.33 KB Configuring Connection Settings 128×128 3.64 KB 04:05 – 📋 128×128 2.48 KB Retrieving a List of All POs 🔍 128×128 7.22 KB 07:30 – 🛒 128×128 4.2 KB Fetching PO Details with Items 128×128 8.15 KB 10:30 – 🔄 128×128 4.37 KB Making an HTTP,75,1,0,1,0,0,1,0,0,0,0,0,0,1
uipath_forum,"""SAP S/4HANA"" ""UiPath""",259860,814521,https://forum.uipath.com/t/sapinsider-survey-results-on-process-automation-in-sap-s-4hana-uipath/259860/1,SAPinsider Survey Results on Process Automation in SAP S/4HANA | UiPath,2020-10-02T22:47:10.257Z,bbc5e661e106c6dc,0,722,,"Tanja Breitling-Zboril is Senior Manager of Partner and Alliance Management at UiPath . In a recent study sponsored by UiPath , SAPinsider surveyed 204 SAP® customers about their automation journey with SAP S/4 HANA, what drives them to automate, and the results they expect from automating SAP processes. What is driving automation? Fifty-six percent of respondents said that they already use Robotic Process Automation (RPA) platforms. The two key drivers for automation are: Empowering employees to focus on higher-value activities while freeing them from mundane tasks Optimizing processes as part of planned S/4HANA migrations Respondents mentioned that their employees’ and coworkers’ amount of work was continuously increasing while having only limited resources. In order to keep up with the increased workloads, automation helps maximize productivity by reducing the time spent on repetitive tasks. An SAP S/4HANA migration is seen as an opportunity to start fresh with optimized and automated processes. When it comes to RPA and business process management (BPM) products, the majority of customers are choosing products from third-party vendors over products from SAP directly. According to the survey results, automation is mostly applied in finance (56% of respondents), supply-chain (43%), and SAP S/4HANA migrations (39%). What are the top strategies to meet the business drivers? The survey results also identified the top three strategies for customers to achieve their automation objectives. 1. Integrating automation capabilities across SAP and non-SAP applications The top strategy by far is integrating automation capabilities across both SAP and non-SAP systems. Fifty-eight percent of respondents reported this as the key strategy. This is in line with feedback that I regularly receive from our customers. Siloed applications and media breaks between these applications are still the main cause slowing down knowledge workers in their productivity. This finding shows how important it is that RPA products provide both top-notch user interface (UI) automation capabilities as well as the pre-built native integrations for enterprise applications which are mostly applied for specific high-volume use cases. 2. Standardizing processes as part of an SAP S/4HANA migration Next, 40.5% of those surveyed stated standardizing processes as part of an SAP S/4HANA migration as the second most important strategy. I recommend customers use the momentum of an SAP S/4HANA implementation (no matter whether it is a greenfield or brownfield migration) for both standardizing processes as well as introducing RPA for automation needs in the new SAP S/4HANA environment. By doing so, customers benefit in four ways: 1. Increase the overall employee productivity and maximize ROI of the migration project 2. Reduce data entry errors and achieve data consistency 3. Increase the user acceptance for the new SAP S/4HANA system 4. Introduce automation and increase user adoption of RPA 3. Configuring and executing bots to automate processes The introduction of RPA in general and using software robots to automate processes ranks as number three of answers, given by 40% of respondents. On this specific response, the survey did not go into more detail. It would have been interesting to also know whether respondents are purely deploying bots on a departmental level or whether they have implemented a hyperautomation strategy for the complete enterprise (or are working on it). While departmental bots and smaller automation projects can help to speed up specific core processes and demonstrate quick wins, making automation a company-wide goal and inspiring all employees to both identify and implement automation ideas will: Boost the ROI of your automation project Improve your company’s agility Make your customers happier (and your competition look outdated) If you want to learn more about hyperautomation, I recommend reading our article Are You Ready for Hyperautomation? Top requirements and capabilities for successful automation The next questions in the SAPinsider survey were geared towards finding out which priorities customers have set when it comes to automation product features and general requirements for successful automation projects. 1. Flexibility of automation solutions and quick implementation The number one requirement for process automation solutions with 82% of respondents is flexibility of automation solutions and the ability to implement automation quickly. Customers do not want to spend as much time automating processes as they would otherwise need for manual tasks or a traditional integration. They also don’t want to constantly fix and repair bots as this would mean losing the benefits of automation. This comes as no surprise and is well aligned with our UiPath product strategy . UiPath has made strong investments over the past years to achieve exactly this for our customers. And this is how we did it: 1. Citizen developers : We introduced a new version of our design product for citizen developers called UiPath StudioX . This simplified tool allows business users to create their own automations without involvement of an RPA developer. If you are moderately trained, you can create automations on your own. We also have the Citizen Developer Foundation training (free and available to the public) through UiPath Academy. 2. UiPath Action Center : If you have processes that require human intelligence and decision making skills you can still automate the mundane part of your process (via UiPath Action Center) and include humans for decision making or exception handling as part of the process. 3. UiPath AI Fabric : With a tight integration of machine learning models , UiPath AI Fabric allows you to create more robust and flexible automations with added intelligence. 2. Transparency into operational processes and bottlenecks A still impressive 75% of respondents chose transparency into operational processes and bottlenecks as the second most important requirement for their selection of automation tools. The reason for this is clear - process transparency points you directly at automation potential. When you introduce automation as a broader strategic concept, you want to be able to achieve two key results: 1. Identify the processes that matter the most (those that are used most frequently and that slow your organization down the most). 2. Measure how your manual and automated processes perform and where you achieve the biggest benefits. For identifying those core processes, we offer UiPath Process Mining with an even better SAP integration since 20.8 . For tracking, measuring, and forecasting the performance of your entire automation program, we offer UiPath Insights to demonstrate the automation program ROI. Summary The results of the survey show very impressively how more and more SAP customers are deploying automation with RPA and beyond. Get a free copy of the survey results and report . RPA and process mining have moved from futuristic technologies for a few early adopters to widely used enterprise software products which support SAP customers on their journey to digital transformation, maximized process efficiency and a more fulfilling work-life. ![|1x1](upload://wetq1fnzALLIDF4fQJFcNqcDEcT.gif) This is a companion discussion topic for the original entry at http://www.uipath.com/blog/process-automation-sap-s4hana-sapinsider-survey-results",1148,1,0,1,0,0,0,0,1,1,0,1,1,4
uipath_forum,"""SAP S/4HANA"" ""UiPath""",257836,808280,https://forum.uipath.com/t/sapinsider-survey-results-on-process-automation-in-sap-s-4hana-uipath/257836/1,SAPinsider Survey Results on Process Automation in SAP S/4HANA | UiPath,2020-09-23T12:58:17.016Z,bbc5e661e106c6dc,0,644,,"Tanja Breitling-Zboril is Senior Manager of Partner and Alliance Management at UiPath . In a recent study sponsored by UiPath , SAPinsider surveyed 204 SAP® customers about their automation journey with SAP S/4 HANA, what drives them to automate, and the results they expect from automating SAP processes. What is driving automation? Fifty-six percent of respondents said that they already use Robotic Process Automation (RPA) platforms. The two key drivers for automation are: Empowering employees to focus on higher-value activities while freeing them from mundane tasks Optimizing processes as part of planned S/4HANA migrations Respondents mentioned that their employees’ and coworkers’ amount of work was continuously increasing while having only limited resources. In order to keep up with the increased workloads, automation helps maximize productivity by reducing the time spent on repetitive tasks. An SAP S/4HANA migration is seen as an opportunity to start fresh with optimized and automated processes. When it comes to RPA and business process management (BPM) products, the majority of customers are choosing products from third-party vendors over products from SAP directly. According to the survey results, automation is mostly applied in finance (56% of respondents), supply-chain (43%), and SAP S/4HANA migrations (39%). What are the top strategies to meet the business drivers? The survey results also identified the top three strategies for customers to achieve their automation objectives. 1. Integrating automation capabilities across SAP and non-SAP applications The top strategy by far is integrating automation capabilities across both SAP and non-SAP systems. Fifty-eight percent of respondents reported this as the key strategy. This is in line with feedback that I regularly receive from our customers. Siloed applications and media breaks between these applications are still the main cause slowing down knowledge workers in their productivity. This finding shows how important it is that RPA products provide both top-notch user interface (UI) automation capabilities as well as the pre-built native integrations for enterprise applications which are mostly applied for specific high-volume use cases. 2. Standardizing processes as part of an SAP S/4HANA migration Next, 40.5% of those surveyed stated standardizing processes as part of an SAP S/4HANA migration as the second most important strategy. I recommend customers use the momentum of an SAP S/4HANA implementation (no matter whether it is a greenfield or brownfield migration) for both standardizing processes as well as introducing RPA for automation needs in the new SAP S/4HANA environment. By doing so, customers benefit in four ways: 1. Increase the overall employee productivity and maximize ROI of the migration project 2. Reduce data entry errors and achieve data consistency 3. Increase the user acceptance for the new SAP S/4HANA system 4. Introduce automation and increase user adoption of RPA 3. Configuring and executing bots to automate processes The introduction of RPA in general and using software robots to automate processes ranks as number three of answers, given by 40% of respondents. On this specific response, the survey did not go into more detail. It would have been interesting to also know whether respondents are purely deploying bots on a departmental level or whether they have implemented a hyperautomation strategy for the complete enterprise (or are working on it). While departmental bots and smaller automation projects can help to speed up specific core processes and demonstrate quick wins, making automation a company-wide goal and inspiring all employees to both identify and implement automation ideas will: Boost the ROI of your automation project Improve your company’s agility Make your customers happier (and your competition look outdated) If you want to learn more about hyperautomation, I recommend reading our article Are You Ready for Hyperautomation? Top requirements and capabilities for successful automation The next questions in the SAPinsider survey were geared towards finding out which priorities customers have set when it comes to automation product features and general requirements for successful automation projects. 1. Flexibility of automation solutions and quick implementation The number one requirement for process automation solutions with 82% of respondents is flexibility of automation solutions and the ability to implement automation quickly. Customers do not want to spend as much time automating processes as they would otherwise need for manual tasks or a traditional integration. They also don’t want to constantly fix and repair bots as this would mean losing the benefits of automation. This comes as no surprise and is well aligned with our UiPath product strategy . UiPath has made strong investments over the past years to achieve exactly this for our customers. And this is how we did it: 1. Citizen developers : We introduced a new version of our design product for citizen developers called UiPath StudioX . This simplified tool allows business users to create their own automations without involvement of an RPA developer. If you are moderately trained, you can create automations on your own. We also have the Citizen Developer Foundation training (free and available to the public) through UiPath Academy. 2. UiPath Action Center : If you have processes that require human intelligence and decision making skills you can still automate the mundane part of your process (via UiPath Action Center) and include humans for decision making or exception handling as part of the process. 3. UiPath AI Fabric : With a tight integration of machine learning models , UiPath AI Fabric allows you to create more robust and flexible automations with added intelligence. 2. Transparency into operational processes and bottlenecks A still impressive 75% of respondents chose transparency into operational processes and bottlenecks as the second most important requirement for their selection of automation tools. The reason for this is clear - process transparency points you directly at automation potential. When you introduce automation as a broader strategic concept, you want to be able to achieve two key results: 1. Identify the processes that matter the most (those that are used most frequently and that slow your organization down the most). 2. Measure how your manual and automated processes perform and where you achieve the biggest benefits. For identifying those core processes, we offer UiPath Process Mining with an even better SAP integration since 20.8 . For tracking, measuring, and forecasting the performance of your entire automation program, we offer UiPath Insights to demonstrate the automation program ROI. Summary The results of the survey show very impressively how more and more SAP customers are deploying automation with RPA and beyond. Get a free copy of the survey results and report . RPA and process mining have moved from futuristic technologies for a few early adopters to widely used enterprise software products which support SAP customers on their journey to digital transformation, maximized process efficiency and a more fulfilling work-life. ![|1x1](upload://wetq1fnzALLIDF4fQJFcNqcDEcT.gif) This is a companion discussion topic for the original entry at https://www.uipath.com/blog/process-automation-sap-s4hana-sapinsider-survey-results",1148,1,0,1,0,0,0,0,1,1,0,1,1,4
uipath_forum,"""SAP S/4HANA"" ""UiPath""",789281,1866386,https://forum.uipath.com/t/how-to-automate-sap-s-4hana-login-using-uipath-tutorial/789281/1,How To Automate SAP S/4HANA Login using UiPath (Tutorial),2024-12-13T14:48:48.203Z,17ebe7877bea812d,0,79,,Description This tutorial will teach you in 4 minutes how to automate the login into SAP S/4 Hana with UiPath automation platform. Link Date 2024-11-28 Related UiPath products Studio,32,1,0,1,0,0,0,1,0,0,0,0,0,1
uipath_forum,"""SAP S/4HANA"" ""UiPath""",4376580,2054413,https://forum.uipath.com/t/uipath-accelerator-for-sap-s-4hana-for-manufacturing/4376580/1,UiPath Accelerator for SAP S/4HANA for Manufacturing,2025-08-13T08:18:23.167Z,f2753557ec294585,0,54,,"I need some help with the UiPath Accelerator for SAP S/4HANA for Manufacturing . When I try to open one of the workflow files ( .xaml ) from the accelerator package in my development environment, Studio throws a critical error and fails to load the file. The Problem The specific error I’m receiving is: Old XAML format using ViewStateManager is not supported. It seems that the XAML files included in this accelerator were created with an older version of UiPath Studio. My modern Studio version can no longer interpret this old format, which apparently relies on ViewStateManager . My Questions What is the recommended process to upgrade or migrate these older XAML files to make them compatible with the latest Studio versions? Is there a newer version of the SAP S/4HANA for Manufacturing Accelerator that is already compatible? Has anyone else encountered this and found a reliable workaround? Environment & Error Details For full context, here is my environment information and the complete error log. Product: UiPath Accelerator for SAP S/4HANA for Manufacturing Studio Version: 25.0.172-cloud.20747 Target Framework: (Please specify if it’s Windows-Legacy, Windows, or Cross-platform) Full Error Stack Trace: Error: RemoteException wrapping System.NotSupportedException: Old XAML format using ViewStateManager is not supported. at UiPath.Studio.Plugin.Workflow.WorkflowHandling.DesignerBuilder.LoadFileInDesigner(String fileName, WorkflowDesigner designer) at UiPath.Studio.Plugin.Workflow.WorkflowHandling.DesignerBuilder.BuildInternal(DesignerEventsSubscriber eventsSubscriber, String workflowId, String fileName) at UiPath.Studio.Plugin.Workflow.WorkflowHandling.DesignerBuilder.Build(DesignerEventsSubscriber eventsSubscriber, String workflowId, String fileName) at UiPath.Studio.Plugin.Workflow.WorkflowHandling.DesignerWrapper.LoadAsync(String fileName) at UiPath.Studio.Plugin.Workflow.Services.DesignerFileProjectEndpoint.<>c__DisplayClass11_0.<<Load>b__0>d.MoveNext() --- End of stack trace from previous location --- at UiPath.Studio.Plugin.Workflow.Services.DesignerFileProjectEndpoint.<>c__DisplayClass11_0.<<Load>b__0>d.MoveNext() --- End of stack trace from previous location --- at UiPath.Studio.Shared.MVVM.Services.DispatcherService.InvokeAsync(Func 1 func) at UiPath.Studio.Plugin.Workflow.Services.DesignerFileProjectEndpoint.Load(String fileName) at UiPath.CoreIpc.Server.<>c__DisplayClass7_3.<<-ctor>g__InvokeMethod|6>d.MoveNext() — End of stack trace from previous location — at UiPath.CoreIpc.Server.<>c__DisplayClass7_1.<<-ctor>g__HandleRequest|3>d.MoveNext() — End of stack trace from previous location — at UiPath.CoreIpc.Server.<>c__DisplayClass7_2.<<-ctor>b__5>d.MoveNext() — End of stack trace from previous location — at UiPath.CoreIpc.Helpers.Timeout[TResult](TimeSpan timeout, List 1 cancellationTokens, Func 2 func, String message, Func 2 exceptionHandler), HResult -2146233088 Any guidance or help would be greatly appreciated. Thank you!",399,1,0,1,0,0,0,0,1,1,0,0,1,3
uipath_forum,"""SAP S/4HANA"" ""UiPath""",4376580,2054440,https://forum.uipath.com/t/uipath-accelerator-for-sap-s-4hana-for-manufacturing/4376580/2,UiPath Accelerator for SAP S/4HANA for Manufacturing,2025-08-13T08:45:36.903Z,f7a6c3b277ff0b4c,0,54,,Install an older UiPath Studio that still supports ViewStateManager and Open the .xaml in that version — it should load fine. Save the file without making changes — Studio will automatically convert the metadata to the modern format. Then reopen it in your current Studio (25.x) — it should now load. Or you can remove the ViewStateManager by opening the xaml in text editor like vs code and find the sap2010:ViewStateManager element and delete it then save and reopen it. Hope this find you needful if it does then mark it as SOLUTION Happy Automation,94,1,0,1,0,0,0,0,0,0,0,1,0,1
uipath_forum,"""SAP S/4HANA"" ""UiPath""",472677,1318126,https://forum.uipath.com/t/uipath-accelerator-for-sap-s-4hana-for-sales/472677/1,UiPath Accelerator for SAP S/4HANA for Sales,2022-09-13T12:43:35.764Z,6a0be6c306688f87,0,1110,,"Hello team. We are working on UiPath Accelerator for SAP S/4HANA for Sales ( Bot is Assign FI Supplier role to existing business partner (WinGUI, Tcode: BP Bot is not able to type in the ReconciliationAcct. We have passed this input in input template. Bit still getting business exception. image 1510×664 27.4 KB image 1426×883 36.4 KB image 1009×424 18.2 KB",67,1,0,1,0,0,1,1,0,1,0,0,0,3
uipath_forum,"""SAP S/4HANA"" ""UiPath""",472677,1319975,https://forum.uipath.com/t/uipath-accelerator-for-sap-s-4hana-for-sales/472677/2,UiPath Accelerator for SAP S/4HANA for Sales,2022-09-15T16:01:12.188Z,bbc5e661e106c6dc,0,1110,,"Hello @happyfeat87 ! It seems that you have trouble getting an answer to your question in the first 24 hours. Let us give you a few hints and helpful links. First, make sure you browsed through our Forum FAQ Beginner’s Guide . It will teach you what should be included in your topic. You can check out some of our resources directly, see below: Always search first . It is the best way to quickly find your answer. Check out the icon for that. Clicking the options button will let you set more specific topic search filters, i.e. only the ones with a solution. Topic that contains most common solutions with example project files can be found here . Read our official documentation where you can find a lot of information and instructions about each of our products: Watch the videos on our official YouTube channel for more visual tutorials. Meet us and our users on our Community Slack and ask your question there. Hopefully this will let you easily find the solution/information you need. Once you have it, we would be happy if you could share your findings here and mark it as a solution. This will help other users find it in the future. Thank you for helping us build our UiPath Community! Cheers from your friendly Forum_Staff",219,1,0,1,0,1,0,0,0,0,0,1,0,2
uipath_forum,"""SAP S/4HANA"" ""UiPath""",550403,1515403,https://forum.uipath.com/t/sap-s-4hana-migration-with-uipath-rpa/550403/1,SAP S/4HANA Migration with UiPath RPA,2023-06-01T16:33:39.214Z,94f929b94f474fff,0,747,,"HI , How can we use RPA technology with the UiPath Studio tool to Test the performance of SAP S/4HANA Migration? How is going so far ? Are there specific processes to test this SAP S/4HANA Migration performance? Does the UiPath company provide predefined products to test this migration? How to test for example database performance after SAP S/4HANA migration? Regards ,",62,1,0,1,0,0,0,0,0,1,0,0,0,1
uipath_forum,"""SAP S/4HANA"" ""UiPath""",550403,1515461,https://forum.uipath.com/t/sap-s-4hana-migration-with-uipath-rpa/550403/2,SAP S/4HANA Migration with UiPath RPA,2023-06-01T18:31:33.533Z,c1c4c2441c354413,0,747,,"Can you check their solution accelerators if something is there regarding this, try below links: UiPath Accelerator for SAP S/4HANA for Procurement - RPA Component | UiPath Marketplace Solution Accelerators Automation Applications - UiPath Marketplace Collection",34,1,0,1,0,0,0,0,0,0,0,0,0,0
uipath_forum,"""SAP S/4HANA"" ""UiPath""",550403,1516539,https://forum.uipath.com/t/sap-s-4hana-migration-with-uipath-rpa/550403/3,SAP S/4HANA Migration with UiPath RPA,2023-06-03T08:38:35.916Z,aedce8e84015ae98,0,747,,@aya.lajili I hope these would provide a starter help and on top we can build for specific cases ising UiPath test suite uipath.com SAP-S4HANA-Migration.pdf 141.86 KB Cheers,33,1,0,1,0,0,0,0,0,1,0,0,0,1
uipath_forum,"""SAP S/4HANA"" ""UiPath""",820603,1879872,https://forum.uipath.com/t/sap-desktop-to-s4-hana-migration/820603/1,SAP(desktop) to S4 Hana Migration,2025-01-15T06:56:49.078Z,8d14fa5ebd50b71f,1,212,,"Hello all, I want to know if we can migrate data from SAP(desktop) to s4 HANA using UiPath. If yes , Please help me with the steps or procedure to achieve this.",32,0,0,1,0,0,0,0,0,0,0,0,1,1
uipath_forum,"""SAP S/4HANA"" ""UiPath""",820603,1879878,https://forum.uipath.com/t/sap-desktop-to-s4-hana-migration/820603/2,SAP(desktop) to S4 Hana Migration,2025-01-15T07:01:58.825Z,7baebbe6180d1a41,1,212,,"@Shukla_Mayuri , Here are few threads to get started. SAP Accelerators: UiPath Marketplace Download RPA Listings - RPA Snippets, Workflows, Connectors | UiPath... Download the latest RPA activities, snippets, workflows, connectors, ready-to-go automations and machine learning listings. Check out our free RPA marketplace today! uipath.com A quicker, cleaner path to S/4HANA migration | UiPath Explore how automation and cloud innovation can streamline your transition to SAP S/4HANA, ensuring minimized disruption, faster realization of value, and lasting operational efficiency.",79,1,0,1,0,0,0,0,0,0,0,0,0,0
uipath_forum,"""SAP S/4HANA"" ""UiPath""",820603,1880018,https://forum.uipath.com/t/sap-desktop-to-s4-hana-migration/820603/3,SAP(desktop) to S4 Hana Migration,2025-01-15T07:24:44.013Z,8d14fa5ebd50b71f,1,212,,"Hello all, I wanted to know if RPA can help in S4 HANA migration , for example in reporting, testing etc.",20,0,0,0,0,0,0,0,0,0,0,0,0,0
uipath_forum,"""SAP S/4HANA"" ""UiPath""",820603,1879904,https://forum.uipath.com/t/sap-desktop-to-s4-hana-migration/820603/4,SAP(desktop) to S4 Hana Migration,2025-01-15T07:38:04.782Z,7e939e8896691556,1,212,,"Shukla_Mayuri: reporting, Hi Shukla RPA/UiPath can be utilised in migration projects as you face both one-time tasks but also recurring jobs to be done. One-time tasks can be preparing data, master data cleansing, clean-up jobs etc. - it makes sense to use RPA even for one-off jobs as there are many transactions (i.e. rows of data/records etc.) to be processed. The recurring jobs can be especially in testing new features. It doesn’t always have to be automated, though - with Test Manager you could bring both manual and automated testing onto the same platform and keep track of both disciplines. What’s most important about starting to automate in migration, however, is that you’re already preparing your automations to be then used in the new, productive SAP S/4HANA. The processes might differ from how they are now (in the old system), of course, but automation is then already part of the new way of work, the new solution. Here are two helpful resources from UiPath to share with you and to dive in further: Blog “Accelerate SAP S/4HANA Migration with Automation” uipath.com A quicker, cleaner path to S/4HANA migration | UiPath Explore how automation and cloud innovation can streamline your transition to SAP S/4HANA, ensuring minimized disruption, faster realization of value, and lasting operational efficiency. And a document on “Automate your SAP S/4HANA Migration with UiPath RPA” uipath.com SAP-S4HANA-Migration.pdf 141.86 KB Hope this helps! All the best for the upcoming migration! Cheers Roman",260,1,0,1,0,0,0,0,0,1,0,0,1,2
uipath_forum,"""SAP S/4HANA"" ""UiPath""",820603,1880043,https://forum.uipath.com/t/sap-desktop-to-s4-hana-migration/820603/5,SAP(desktop) to S4 Hana Migration,2025-01-15T10:53:57.867Z,cb96a4768180d521,1,212,,"Hi Shukla, Roman’s assessment is spot-on about leveraging UiPath for S/4HANA migrations. however, I would like to add that including process mining services can further enhance the benefits of using UiPath for these migrations and should be considered as a starting point. Some of the benefits and value adds of process mining in an S4 migrating include: Enhancing Data Integrity and Process Efficiency By integrating process mining, you gain a deeper understanding of your existing processes, allowing you to identify inefficiencies and organize your data before migration. This strategic insight minimizes risks and reduces costs significantly. From Planning to Post-Migration Optimization Process mining captures and visualizes your current workflows, ensuring that every step of the migration aligns with your operational goals. After migration, the analytics capabilities of process mining can continually refine and optimize new processes within S/4HANA, ensuring ongoing efficiency. Comprehensive Migration Approach Combining UiPath’s automation with their process mining services ensures a thorough approach to migration. While RPA handles task automation, process mining provides the strategic oversight needed to align these tasks with business objectives and uncover additional areas for automation. For more details on how our partner services can support in leveraging UiPath for S/4HANA migration, please feel free to reach out to me and I will provide more details. See also an overview we have put together on the topic here: Verdant Data S/4HANA Final Looking forward to your thoughts Ryan",243,1,0,1,0,0,0,0,0,0,0,0,0,0
uipath_forum,"""SAP S/4HANA"" ""UiPath""",333588,1001244,https://forum.uipath.com/t/maximize-your-sap-investment-with-automation-and-testing-from-uipath/333588/1,Maximize your SAP® investment with automation and testing from UiPath,2021-07-29T19:46:03.255Z,bbc5e661e106c6dc,0,773,,"The current SAP application landscape serves the basic business process needs to run your day-to-day operational activities. Over time, the data sources, as well as other systems associated with them, have grown in the effort to gain greater insights. This has resulted in a complex and heavy infrastructure. The latest S/4HANA business suite offers new and improved ways to digitize business processes, but migrations of this size can be costly. A UiPath analysis projects that the typical process for this migration can cost $10 million and take about eighteen months. With SAP announcing the end of support by 2025 for the earlier versions of its enterprise resource planning (ERP) applications, the migration to S/4HANA is not an option but a requirement. Large migration projects involve a degree of uncertainty, but with Robotic Process Automation (RPA), you can automate various steps of the migration. Rather than testing different pieces of code one at a time, for example, you can automate the testing process and make migration faster, more reliable and large scale. Many SAP customers develop code to customize SAP applications to their specific needs. This code can run into the thousands of lines, but might not run smoothly after migration to SAP S/4HANA because of its different coding standards. Rather than use your developers’ time to create test scripts, the UiPath Enterprise RPA Platform can automate testing and validation. UiPath Robots can quickly identify custom code, analyze vulnerabilities, check for compatibility problems, and remediate issues automatically. UiPath automates different phases of the migration process, thus reducing the overall critical path and timelines of the entire SAP S/4HANA migration . For information technology (IT) departments, the SAP S/4HANA migration brings several challenges. The key concern areas being: Custom code analysis and remediation Manual testing and validation Security compliance Without the need to develop custom script, you can save the time and effort of your developers for more valuable tasks, and start taking advantage of the SAP S/4HANA suite faster. How UiPath accelerates your SAP S/4HANA migration Custom code identification, analysis, and remediation The UiPath Platform can help automatically remediate and optimize custom code for your S/4HANA migration. UiPath Robots can quickly: Identify custom code Analyze any vulnerabilities in the existing code Check for compatibility. Robots can assess compliance with your coding standards and compare the existing custom code with the new SAP S/4HANA code to ensure they are compatible. Remediate the issues automatically to prevent manual errors The benefits of RPA: Rapid time to value Reduce effort for custom code remediation Decrease code migration effort Reduce cost of assessment Eliminate manual errors RPA for S/4HANA migration testing and validation UiPath automates the regression, security, and acceptance testing you'll need to do throughout the S/4HANA migration. The UiPath Platform provides rapid large scale, end-to-end automated testing and validation coverage without much disruption to your team, your day-to-day operations, and your customers. This includes: Business process variant definition through process mining Dynamic creation of test cases and test data sets Continuous end-to-end test execution Automated testing is supported through the SAP GUI, Fiori, and other SAP clients Power BI Dashboard to show test progress and the results The benefits of RPA: Decrease the business disruption for subject matter experts (SMEs), process owners, and end customers Achieve large scale testing and validation (at a scale not possible for human employees) Decrease testing time Reduce costs via the replacement of manual efforts with intelligent RPA Eliminate manual errors RPA for S/4HANA migration security compliance UiPath offers a trusted Platform for secure automation and simplified compliance with the regulations that matter to you. The UiPath Platform's defense-grade security and auditing include role-based access control (RBAC), Encryption Everywhere, and Veracode certified code. Our technology is trusted as secure by more than 50 government agencies. The benefits of RPA: Protection from security threats Simplify compliance with required regulations Beyond SAP S/4HANA migration: the path to digital transformation Using RPA allows you to generate returns beyond the SAP S/4HANA migration process because you can reuse the automations post-migration to improve day-to-day operational efficiency. The automations you create for the S/4HANA migration can continue on as your digital workforce. Your Robots will stand ready to automate many critical business processes, which will provide your enterprise with a competitive advantage. Here are some additional uses for UiPath Robots after the migration has been completed: Use the Robots and the test cases built during the migration phase for other planned regression or acceptance tests Set dynamic triggers for process executions to be automatically triggered based on your needs; the Robots don't require scheduling to run when needed Automating various phases of the SAP S/4HANA migration process with UiPath not only provides your organization with lasting value, but also puts you on the path to true digital transformation through automation. Join me and UiPath Vice President of Global Partners Sean Adee for our webinar Automate your SAP S/4HANA Migration with RPA to learn more about how to simplify your SAP S/4HANA migration . Peter Villeroy is the Director of Global SAP Practice at UiPath. This is a companion discussion topic for the original entry at https://www.uipath.com/blog/rpa/accelerate-sap-s4hana-migration-with-rpa",896,1,1,1,1,1,0,1,0,1,0,1,0,4
uipath_forum,"""SAP S/4HANA"" ""UiPath""",414942,1190673,https://forum.uipath.com/t/sap-rfccommunicationexception-fetch-bapi-arguments/414942/1,SAP RfcCommunicationException Fetch BAPI arguments,2022-04-13T13:21:05.249Z,2244bef724c9c081,1,2954,,"Hi team, We are getting below error while invoking the SAP BAPI activities on IE4 environment and other environments it’s working fine. [RfcCommunicationException]Fetch BAPI arguments. Message:The only destination SapDefaultConnectionName available failed when retrieving metadata from IE4 – see log for details StackTrace: at SAP.Middleware.Connector.RfcRepository.findAlternateDestination(Int32& destIndex, Int32& alternativeDestinationsCount, Exception ex) at SAP.Middleware.Connector.RfcRepository.Execute(RfcFunction function) at SAP.Middleware.Connector.RfcRepository.LookupFunctionMetadataNew(String name) at SAP.Middleware.Connector.RfcRepository.LookupFunctionMetadata(String name) at SAP.Middleware.Connector.RfcRepository.GetFunctionMetadata(String name) at SAP.Middleware.Connector.RfcRepository.CreateFunction(String name) at UiPath.SAP.BAPI.ConnectionService.SapConnectionService.SapConnector.CreateFunction(String bapiName) at UiPath.SAP.BAPI.ConnectionService.SapConnectionService.SapConnectionService.GetBapiArgumentList(String bapiName) Error: System.TimeoutException: [RfcCommunicationException]Fetch BAPI arguments. Message:The only destination SapDefaultConnectionName available failed when retrieving metadata from IE4 – see log for details StackTrace: at SAP.Middleware.Connector.RfcRepository.findAlternateDestination(Int32& destIndex, Int32& alternativeDestinationsCount, Exception ex) at SAP.Middleware.Connector.RfcRepository.Execute(RfcFunction function) at SAP.Middleware.Connector.RfcRepository.LookupFunctionMetadataNew(String name) at SAP.Middleware.Connector.RfcRepository.LookupFunctionMetadata(String name) at SAP.Middleware.Connector.RfcRepository.GetFunctionMetadata(String name) at SAP.Middleware.Connector.RfcRepository.CreateFunction(String name) at UiPath.SAP.BAPI.ConnectionService.SapConnectionService.SapConnector.CreateFunction(String bapiName) at UiPath.SAP.BAPI.ConnectionService.SapConnectionService.SapConnectionService.GetBapiArgumentList(String bapiName) at UiPath.SAP.BAPI.Utilities.BackgroundWorkerUtility.d__3`1.MoveNext() — End of stack trace from previous location where exception was thrown — at System.Runtime.CompilerServices.TaskAwaiter.ThrowForNonSuccess(Task task) at System.Runtime.CompilerServices.TaskAwaiter.HandleNonSuccessAndDebuggerNotification(Task task) at UiPath.SAP.BAPI.Activities.Design.ViewModels.MandatoryParametersPageViewModel.d__52.MoveNext() — End of stack trace from previous location where exception was thrown — at System.Runtime.CompilerServices.AsyncMethodBuilderCore.<>c.b__6_0(Object state) at System.Windows.Threading.ExceptionWrapper.InternalRealCall(Delegate callback, Object args, Int32 numArgs) at System.Windows.Threading.ExceptionWrapper.TryCatchWhen(Object source, Delegate callback, Object args, Int32 numArgs, Delegate catchHandler), HResult -2146233083",308,0,0,1,0,0,1,0,1,1,0,0,0,3
uipath_forum,"""SAP S/4HANA"" ""UiPath""",414942,1190864,https://forum.uipath.com/t/sap-rfccommunicationexception-fetch-bapi-arguments/414942/2,SAP RfcCommunicationException Fetch BAPI arguments,2022-04-13T17:51:21.034Z,02200b2602e0a20b,1,2954,,"Hello Swapnil, what is the difference between your SAP system with the SID IE4 and the others? Did you check the application log SLG1 as described in the error message? What message is displayed there? Help us to help you. Best regards Stefan",43,0,0,0,0,0,1,0,0,0,0,0,0,1
uipath_forum,"""SAP S/4HANA"" ""UiPath""",414942,1194585,https://forum.uipath.com/t/sap-rfccommunicationexception-fetch-bapi-arguments/414942/3,SAP RfcCommunicationException Fetch BAPI arguments,2022-04-19T15:20:51.820Z,2244bef724c9c081,1,2954,,"swapnil.pawar: [RfcCommunicationException]Fetch BAPI arguments. Hi stefan, Thank you for replying. we have performed SAP S/4HANA upgrade in IE4 from 2020 to 2021 (From SAP S/4HANA 2020), orchestrator log is : “System IE4 is no supported” for that failed run, before it was working for invoking the SAP BAPI activities and we are passing the data table as In argument. Also we didn’t find any error on sap SLG1 logs. Can you please suggest on this?",79,1,0,0,0,0,1,0,1,1,0,0,0,3
uipath_forum,"""SAP S/4HANA"" ""UiPath""",414942,1195426,https://forum.uipath.com/t/sap-rfccommunicationexception-fetch-bapi-arguments/414942/4,SAP RfcCommunicationException Fetch BAPI arguments,2022-04-20T09:41:57.832Z,2244bef724c9c081,1,2954,,"Hi stefan, Thank you for replying. we have performed SAP S/4HANA upgrade in IE4 from 2020 to 2021 (From SAP S/4HANA 2020), orchestrator log is : “System IE4 is no supported” for that failed run, before it was working for invoking the SAP BAPI activities and we are passing the data table as In argument. Also we didn’t find any error on sap SLG1 logs. Can you please suggest on this? Is it related to sapnco dependencies?",79,1,0,0,0,0,1,0,1,1,0,0,0,3
uipath_forum,"""SAP S/4HANA"" ""UiPath""",580932,1599370,https://forum.uipath.com/t/sap-bapi-activities-package/580932/1,SAP BAPI Activities Package,2023-09-08T14:03:24.449Z,a41dc9de30f50b62,2,1300,,"Hi, I need to automate SAP S/4 HANA TRM using UiPath Studio. I tried to install the UiPath.SAP.BAPI.Activities Package but it shows the message as “No compatibility with Windows project”. Can anyone assist, how to automate SAP S/4 HANA. Thanks in Advance. PFA of the Manage Package Screenshot. SAP 1150×653 40.7 KB",59,0,0,1,0,0,1,0,0,0,0,0,0,1
uipath_forum,"""SAP S/4HANA"" ""UiPath""",580932,1599538,https://forum.uipath.com/t/sap-bapi-activities-package/580932/2,SAP BAPI Activities Package,2023-09-08T20:07:18.572Z,95fa7764da951d93,2,1300,,Hi Would recommend to have a view on this thread for discussion around this topic Getting error: No compatible version with windows projects Studio Getting this error while i upload my custom code build activity in UiPath manage packages. [image] Also we have got few accelerators in UiPath marketplace for SAP S/4HANA Check if it is good to use for your requirement UiPath Marketplace UiPath Accelerator for SAP S/4HANA for Manufacturing - RPA Component | UiPath... UiPath Accelerator for SAP S/4HANA for Manufacturing is an RPA component in the UiPath Marketplace ✔️ Learn and interact with RPA professionals. | Overview Cheers @Damodaran_B,101,1,0,1,0,0,1,0,0,0,0,0,0,1
uipath_forum,"""SAP S/4HANA"" ""UiPath""",580932,1599615,https://forum.uipath.com/t/sap-bapi-activities-package/580932/3,SAP BAPI Activities Package,2023-09-09T04:05:48.058Z,aedce8e84015ae98,2,1300,,@Damodaran_B Welcome to the community SapBapi is not yet migrated to windows compatibility so you cannot use it…if you want to use try to build a process with windows-legacy compatibility Alternately you can try using the normal sap activities to work on with any sap related automations Cheers,50,0,0,0,0,0,1,0,0,0,0,0,0,1
uipath_forum,"""SAP S/4HANA"" ""UiPath""",580932,1599626,https://forum.uipath.com/t/sap-bapi-activities-package/580932/4,SAP BAPI Activities Package,2023-09-09T05:10:17.323Z,a41dc9de30f50b62,2,1300,,Thanks for the response.,4,0,0,0,0,0,1,0,0,0,0,0,0,1
uipath_forum,"""SAP S/4HANA"" ""UiPath""",580932,1599628,https://forum.uipath.com/t/sap-bapi-activities-package/580932/5,SAP BAPI Activities Package,2023-09-09T05:10:55.503Z,a41dc9de30f50b62,2,1300,,Thanks for the response. Will check and try.,8,0,0,0,0,0,1,0,0,0,0,0,0,1
uipath_forum,"""SAP S/4HANA"" ""UiPath""",580932,1599631,https://forum.uipath.com/t/sap-bapi-activities-package/580932/6,SAP BAPI Activities Package,2023-09-09T05:26:52.092Z,ce6d557a77412b3e,2,1300,,"Hi @Damodaran_B The error message “No compatibility with Windows project” suggests that the UiPath.SAP.BAPI.Activities package you’re trying to install may not be compatible with your UiPath project type. SAP automation in UiPath often requires special integration and components. Here’s a general guide to automate SAP S/4 HANA TRM using UiPath Studio: Check Compatibility : Ensure that your version of UiPath Studio is compatible with the UiPath.SAP.BAPI.Activities package. Sometimes, packages are designed for specific UiPath versions, so make sure they match. SAP GUI Installation : SAP automation often requires SAP GUI to be installed on the machine where you are running your UiPath automation. Ensure you have the necessary SAP GUI version and configurations. Install UiPath SAP Automation Package : Instead of UiPath.SAP.BAPI.Activities, you may want to use the official UiPath SAP Automation package. Thanks!!",143,0,0,1,1,1,1,0,0,0,0,0,0,2
uipath_forum,"""SAP S/4HANA"" ""UiPath""",580932,1601237,https://forum.uipath.com/t/sap-bapi-activities-package/580932/7,SAP BAPI Activities Package,2023-09-12T05:27:28.432Z,bbc5e661e106c6dc,2,1300,,This topic was automatically closed 3 days after the last reply. New replies are no longer allowed.,17,0,0,0,0,0,1,0,0,0,0,0,0,1
uipath_forum,"""SAP S/4HANA"" ""UiPath""",470358,1312307,https://forum.uipath.com/t/assembly-errors-in-sap-bapi-activity/470358/1,Assembly errors in SAP BAPI Activity,2022-09-05T06:34:12.518Z,729ea5f28461ca82,0,835,,"An error occurs when executing “SRC_BAPI_PO_CREATE1_v2.2_EN.xlsx”, a sample robot provided by UiPath. image 1381×906 69.3 KB Question 1. Please answer the question regarding the cause of the error. Also, please answer how to avoid the error. Question 2. Is the sample “SRC_BAPI_PO_CREATE1_v2.2_EN.xlsx” available on UiPath? I have downloaded the robot in the past. I would like to use the latest version.",67,0,0,1,0,0,1,0,0,0,0,0,0,1
uipath_forum,"""SAP S/4HANA"" ""UiPath""",470358,1315365,https://forum.uipath.com/t/assembly-errors-in-sap-bapi-activity/470358/2,Assembly errors in SAP BAPI Activity,2022-09-09T00:04:24.703Z,f7e1042ac257b1b3,0,835,,"hello @komura You can find the latest package here UiPath Accelerator for SAP S/4HANA for Procurement - RPA Component | UiPath Marketplace To be able to use SAP BAPU please install SAP BAPI Packages. Read documentation on the link above Best regards, Lev",42,1,0,1,0,0,1,0,0,0,0,0,0,1
uipath_forum,"""SAP S/4HANA"" ""UiPath""",470358,1340064,https://forum.uipath.com/t/assembly-errors-in-sap-bapi-activity/470358/3,Assembly errors in SAP BAPI Activity,2022-10-14T09:26:38.168Z,729ea5f28461ca82,0,835,,"Hello @LevKushnir Thank you very much for your reply. I also sorry for the delay in getting back to you. question(1). BAPI cannot be activated. image 896×495 57.1 KB →UiPath has “UI.Path.BAPI.Activity” installed. image 1305×1145 213 KB →Error message."" Failed to load assembly: C:\Users\komura.nuget\packages\uipath.sap.bapi.activities\2.2.2\lib/net461/UiPath.SAP.BAPI.dll"" question(2). We checked the marketplace “UiPath Accelerator for SAP S/4HANA for Procurement.”, the BAPI execution robot “Sample_SRC_BAPIv2.2_REGISTER.xaml” does not exist. Where can I find the latest version of “Sample_SRC_BAPIv2.2_REGISTER.xaml”? Best regards",105,1,0,1,0,0,1,0,1,0,0,0,0,2
uipath_forum,"""SAP S/4HANA"" ""UiPath""",470358,1348212,https://forum.uipath.com/t/assembly-errors-in-sap-bapi-activity/470358/4,Assembly errors in SAP BAPI Activity,2022-10-25T06:34:34.167Z,729ea5f28461ca82,0,835,,We would be happy to hear from any of you who have knowledge on this issue.,16,0,0,0,0,0,1,0,0,0,0,0,0,1
uipath_forum,"""SAP S/4HANA"" ""UiPath""",472700,1318187,https://forum.uipath.com/t/uipath-accelerator-for-sap-for-sales-s-hana/472700/1,UiPath Accelerator for SAP for Sales(S/HANA),2022-09-13T13:50:46.140Z,6a0be6c306688f87,0,907,,"Hello team. We are working on UiPath Accelerator for SAP S/4HANA for Sales ( Bot is Assign FI Supplier role to existing business partner (WinGUI, Tcode: BP Bot is not able to type in the ReconciliationAcct. We have passed this input in input template. Bit still getting business exception. image 1510×664 27.4 KB image 1426×883 36.4 KB image 1009×424 18.2 KB",67,1,0,1,0,0,1,1,0,1,0,0,0,3
uipath_forum,"""SAP S/4HANA"" ""UiPath""",472700,1319974,https://forum.uipath.com/t/uipath-accelerator-for-sap-for-sales-s-hana/472700/2,UiPath Accelerator for SAP for Sales(S/HANA),2022-09-15T16:01:11.679Z,bbc5e661e106c6dc,0,907,,"Hello @happyfeat87 ! It seems that you have trouble getting an answer to your question in the first 24 hours. Let us give you a few hints and helpful links. First, make sure you browsed through our Forum FAQ Beginner’s Guide . It will teach you what should be included in your topic. You can check out some of our resources directly, see below: Always search first . It is the best way to quickly find your answer. Check out the icon for that. Clicking the options button will let you set more specific topic search filters, i.e. only the ones with a solution. Topic that contains most common solutions with example project files can be found here . Read our official documentation where you can find a lot of information and instructions about each of our products: Watch the videos on our official YouTube channel for more visual tutorials. Meet us and our users on our Community Slack and ask your question there. Hopefully this will let you easily find the solution/information you need. Once you have it, we would be happy if you could share your findings here and mark it as a solution. This will help other users find it in the future. Thank you for helping us build our UiPath Community! Cheers from your friendly Forum_Staff",219,0,0,1,0,1,0,0,0,0,0,1,0,2
uipath_forum,"""SAP S/4HANA"" ""UiPath""",329818,990326,https://forum.uipath.com/t/process-automation-in-sap-s-4hana-hopes-drivers-and-action/329818/1,"Process Automation in SAP S/4HANA® – Hopes, Drivers, and Action",2021-07-14T18:17:08.332Z,bbc5e661e106c6dc,0,801,,"Tanja Breitling-Zboril is Senior Manager of Partner and Alliance Management at UiPath . In a recent study sponsored by UiPath , SAPinsider surveyed 204 SAP® customers about their automation journey with SAP S/4HANA, what drives them to automate, and the results they expect from automating SAP processes. What is driving automation? Fifty-six percent of respondents said that they already use Robotic Process Automation (RPA) platforms. The two key drivers for automation are: Empowering employees to focus on higher-value activities while freeing them from mundane tasks Optimizing processes as part of planned S/4HANA migrations Respondents mentioned that their employees’ and coworkers’ amount of work was continuously increasing while having only limited resources. In order to keep up with the increased workloads, automation helps maximize productivity by reducing the time spent on repetitive tasks. An SAP S/4HANA migration is seen as an opportunity to start fresh with optimized and automated processes. When it comes to RPA and business process management (BPM) products, the majority of customers are choosing products from third-party vendors over products from SAP directly. According to the survey results, automation is mostly applied in finance (56% of respondents), supply-chain (43%), and SAP S/4HANA migrations (39%). What are the top strategies to meet the business drivers? The survey results also identified the top three strategies for customers to achieve their automation objectives. 1. Integrating automation capabilities across SAP and non-SAP applications The top strategy by far is integrating automation capabilities across both SAP and non-SAP systems. Fifty-eight percent of respondents reported this as the key strategy. This is in line with feedback that I regularly receive from our customers. Siloed applications and media breaks between these applications are still the main cause slowing down knowledge workers in their productivity. This finding shows how important it is that RPA products provide both top-notch user interface (UI) automation capabilities as well as the pre-built native integrations for enterprise applications which are mostly applied for specific high-volume use cases. 2. Standardizing processes as part of an SAP S/4HANA migration Next, 40.5% of those surveyed stated standardizing processes as part of an SAP S/4HANA migration as the second most important strategy. I recommend customers use the momentum of an SAP S/4HANA implementation (no matter whether it is a greenfield or brownfield migration) for both standardizing processes as well as introducing RPA for automation needs in the new SAP S/4HANA environment. By doing so, customers benefit in four ways: 1. Increase the overall employee productivity and maximize ROI of the migration project 2. Reduce data entry errors and achieve data consistency 3. Increase the user acceptance for the new SAP S/4HANA system 4. Introduce automation and increase user adoption of RPA 3. Configuring and executing bots to automate processes The introduction of RPA in general and using software robots to automate processes ranks as number three of answers, given by 40% of respondents. On this specific response, the survey did not go into more detail. It would have been interesting to also know whether respondents are purely deploying bots on a departmental level or whether they have implemented a hyperautomation strategy for the complete enterprise (or are working on it). While departmental bots and smaller automation projects can help to speed up specific core processes and demonstrate quick wins, making automation a company-wide goal and inspiring all employees to both identify and implement automation ideas will: Boost the ROI of your automation project Improve your company’s agility Make your customers happier (and your competition look outdated) If you want to learn more about hyperautomation, I recommend reading our article Are You Ready for Hyperautomation? Top requirements and capabilities for successful automation The next questions in the SAPinsider survey were geared towards finding out which priorities customers have set when it comes to automation product features and general requirements for successful automation projects. 1. Flexibility of automation solutions and quick implementation The number one requirement for process automation solutions with 82% of respondents is flexibility of automation solutions and the ability to implement automation quickly. Customers do not want to spend as much time automating processes as they would otherwise need for manual tasks or a traditional integration. They also don’t want to constantly fix and repair bots as this would mean losing the benefits of automation. This comes as no surprise and is well aligned with our UiPath product strategy . UiPath has made strong investments over the past years to achieve exactly this for our customers. And this is how we did it: Citizen developers : We introduced a new version of our design product for citizen developers called UiPath StudioX . This simplified tool allows business users to create their own automations without involvement of an RPA developer. If you are moderately trained, you can create automations on your own. We also have the Citizen Developer Foundation training (free and available to the public) through UiPath Academy. UiPath Action Center : If you have processes that require human intelligence and decision making skills you can still automate the mundane part of your process (via UiPath Action Center) and include humans for decision making or exception handling as part of the process. UiPath AI Fabric : With a tight integration of machine learning models , UiPath AI Fabric allows you to create more robust and flexible automations with added intelligence. 2. Transparency into operational processes and bottlenecks A still impressive 75% of respondents chose transparency into operational processes and bottlenecks as the second most important requirement for their selection of automation tools. The reason for this is clear - process transparency points you directly at automation potential. When you introduce automation as a broader strategic concept, you want to be able to achieve two key results: Identify the processes that matter the most (those that are used most frequently and that slow your organization down the most). Measure how your manual and automated processes perform and where you achieve the biggest benefits. For identifying those core processes, we offer UiPath Process Mining with an even better SAP integration since 2020.8 . For tracking, measuring, and forecasting the performance of your entire automation program, we offer UiPath Insights to demonstrate the automation program ROI. Summary The results of the survey show very impressively how more and more SAP customers are deploying automation with RPA and beyond. Get a free copy of the survey results and report . RPA and process mining have moved from futuristic technologies for a few early adopters to widely used enterprise software products which support SAP customers on their journey to digital transformation, maximized process efficiency and a more fulfilling work-life. This is a companion discussion topic for the original entry at https://www.uipath.com/blog/automation/process-automation-sap-s4hana-sapinsider-survey-results",1139,1,0,1,0,0,0,0,1,1,0,1,1,4
uipath_forum,"""SAP S/4HANA"" ""UiPath""",99942,274827,https://forum.uipath.com/t/sap-s-4-hana-integration-with-uipath/99942/1,SAP S/4 Hana Integration with UiPath,2019-03-06T03:28:42.372Z,aa66a02ae248d502,0,2106,,"Hi all, My client is currently looking into adopting UiPath in their current finance and inventory management with SAP R/2. Down the road my client is going to upgrade their SAP to S/4 Hana in 2Q2019. I wonder if anything we should be aware of when integrating UiPath with SAP S/4 Hana? Anything we should or should not do with UiPath and S/4 Hana? Any comments? Thanks, KS",72,0,0,1,0,0,0,0,0,0,1,0,0,1
uipath_forum,"""SAP S/4HANA"" ""UiPath""",99942,952284,https://forum.uipath.com/t/sap-s-4-hana-integration-with-uipath/99942/2,SAP S/4 Hana Integration with UiPath,2021-05-12T19:33:53.756Z,6eb1bf40a7b9a396,0,2106,,Thanks for posting this. Are there any ideas/updates on this?,11,0,0,1,0,0,0,0,0,0,0,0,0,0
uipath_forum,"""SAP S/4HANA"" ""UiPath""",99942,953218,https://forum.uipath.com/t/sap-s-4-hana-integration-with-uipath/99942/3,SAP S/4 Hana Integration with UiPath,2021-05-14T11:57:14.493Z,f7e1042ac257b1b3,0,2106,,"@Kinnovate_Solutions & @mail2jikku The latest and greatest news on SAP and our offering for SAP S/4HANA can be found here: uipath.com SAP Automation - Maximize your SAP Investment | UiPath Discover how SAP software and UiPath RPA creates new opportunities to streamline productivity. Leverage RPA to make SAP the centerpiece of your tech stack. Best regards, Lev",56,1,0,1,0,0,0,0,0,0,0,1,0,1
uipath_forum,"""SAP S/4HANA"" ""UiPath""",99942,954641,https://forum.uipath.com/t/sap-s-4-hana-integration-with-uipath/99942/4,SAP S/4 Hana Integration with UiPath,2021-05-17T11:57:33.225Z,bbc5e661e106c6dc,0,2106,,This topic was automatically closed 3 days after the last reply. New replies are no longer allowed.,17,0,0,1,0,0,0,0,0,0,0,0,0,0
uipath_forum,"""SAP S/4HANA"" ""UiPath""",333580,1001236,https://forum.uipath.com/t/debunking-rpa-myths-getting-started-with-automation-is-not-difficult/333580/1,Debunking RPA Myths: Getting Started with Automation is Not Difficult,2021-07-29T19:46:01.021Z,bbc5e661e106c6dc,0,552,,"Despite living in the year 2019, in a world of digitization and automation, your organization is probably spending a significant amount of time doing tasks manually. The following are some real-life things that are likely going on in your organization: At the beginning of each month, your finance department manually collects data from several independent systems and puts the data into Excel files—which the team then uses to compare figures and make necessary edits by hand. When a service or product is updated, the person responsible for product information migrates the updated data by transferring it field by field from the source file into your enterprise resource planning (ERP) software, using the tried and tested copy-paste method. If there is a new employee starting her career at your company, all her employment-related data is copied manually from your human resources (HR) system into all other solutions she will need in performing her everyday tasks. When your sales team acquires a new client, they move the necessary customer data from your customer relationship management (CRM) system into your ERP via the clipboard – manually, of course! When you are ready to deliver a product to a client, you carefully fill an Excel sheet column by column for your logistics management, only so that in a couple of days’ time you will receive an updated version of the same Excel sheet which you then bring back to the ERP. (Yes, you guessed it—by hand!) This tedious list could go on and on. It sounds truly incredible, doesn’t it? We live in an age of digitalization and automation, but we have companies operating like this! Completing critical processes in very manual ways isn’t an issue at just a few companies, but at the majority of companies—very likely the one you work at as well. Our corporate world is chock-full of inefficient business processes that stem from obsolete practices, inflexible systems, failed transformation projects, and projects that never even began because of their exorbitant price tags. These inefficient processes result in people using valuable hours every day to perform tasks that could quite easily be automated by using suitable technology. Some companies reject automation as a solution because they think automation is going to be too difficult. Systems against automation? So, what exactly is it about automation that makes some people concerned it will be burdensome? Let’s go back to our first example. How did your company drift into a model of working that requires so much manual labor? To remain competitive in today’s competitive landscape, companies must adapt to changes arising from various factors including customer behavior, evolving markets, innovative business models and services, corporate mergers and acquisitions, and regulation and legislation. For a company to survive, it needs to react to these changes—and do so quickly! Even though a company might have well-defined processes, a highly-educated staff, and problem-free information technology (IT) systems, the constant change in the business’ environment keeps pushing the goalposts. While business processes and staff might adapt and evolve relatively quickly, system changes tend to take time. Changes in IT systems are tricky because they require alterations to both internal aspects in the system and to integrations with external ones. Additionally, legacy systems pose a challenge by being difficult to adapt and integrate with newer systems. Even modern, out-of-the-box solutions tend to require a significant amount of planning, building, testing, and resources to get the process working in the desired way. We don’t live in a perfect world. Even if a system change is possible, its costs are not astronomical, and it doesn’t take too much tailoring, changing systems can still be too time-consuming. Other times, the surrounding business environment changes again before the system change reaches its goal. The “automation first” era is here—RPA brings agility “Unless you are able to automate, you are digging yourself into a hole.” Forrester’s recent 2019 predictions report on business automation echoed the same sentiment: the report makes it clear the automation first era is now and predicts numerous ways automation will continue to drive new business value. If you find yourself thinking, “yes, we tried automation but the systems prevented us from succeeding,” you’re not alone. Fortunately, there is a way to advance automation without major system changes. According to the smart folks at Forrester , Robotic Process Automation (RPA) is the key to achieving much-needed agility in automating business processes. In practice, RPA means automating a business process (or a part of the process) via software robots. RPA allows businesses to automate a recurring, manual process so that building and maintaining the process is both easy and cost-effective. In my opinion, the biggest benefits of RPA can be found in those situations where a manual process has never been automated at all. RPA is not system-dependent, which enables companies to automate their processes in an agile and efficient way—and most importantly at a speed that is up to the velocity of business. RPA is the right fit for operative processes Even though RPA brings a multitude of benefits, it is no magic bullet. If a process is not 100% electronic, if it cannot be standardized, or if it requires contingent decision-making, RPA alone may not provide a complete solution . RPA truly shines in processes that are predictable, constant, mature and repeatable. In my opinion, the process needs to be fully electronic and manual, and it helps if it has a sufficient number of activities. In practice, this encompasses a wide variety of operational processes in a company: for example, in sales, marketing, production, product development, finance, purchasing, human resources (HR), and IT. How to get started with RPA The greatest thing around RPA is that it is not rocket science. Not even close! Implementing RPA is very practical and pragmatic. Typically, choosing where to start and which processes to automate first are some of the hardest decisions. There can be so many important manual processes throughout an organization, it could be hard to prioritize which of those processes should be automated first. 'Low hanging fruit’ is often the best place to start when selecting which processes to automate—e.g. processes which are standard and predictive, have low variation, have high transaction rates, and are already matured in the organization. However, I don’t advise starting with the largest and most complex processes. Instead, I suggest selecting smaller and simpler manual processes to start testing RPA implementation. Keeping a backlog list of process initiatives is a good way to start managing the automation roadmap. After the first processes to automate have been decided, in my experience, implementation follows this approach: 1. Prepare for automation 2. Analyze and design automation 3. Implement and test the automations 4. Deployment and production startup In the first phase, things such as assigning process subject matter experts (SMEs), gathering process documentation and user guides, setting up credentials, and initializing the robotic environment are executed. The second phase concentrates on walking through the processes, replicating the process execution, identifying process changes necessary for automation, clarifying and listing process deviations, and documenting the plan for automation. In the third phase, automation is implemented, errors/deviation conditions are settled, the process design is updated, implementation is properly documented, and integration and acceptance testing are carried out. The last phase activities are related to the deployment and production startup such as training users, communications, production assurance, operational models, and early-life support. Finally, the robotic production startup is executed. Depending on process complexity the whole chain can take a few weeks, but the rule of the thumb is that the first implementation (a pilot) should take less than two months. A small step for RPA, a giant leap for…everyone! I have had the chance to discuss the possibilities of RPA with many of my clients. Most of them see the possible benefits of RPA, but occasionally I face skeptics. Most of the RPA skeptics I talk to can be divided into two categories: on the one hand, IT professionals sometimes feel that RPA is a “dirty” way of achieving integration, and on the other hand, some business decision-makers feel that RPA can only be used to automate Excel sheets in accounting. Contrary to those beliefs, I’ve seen first-hand how RPA can play a major role in automating processes that have been built on legacy systems. RPA is beneficial during transition periods when a company is moving from an old system or process towards a new one. Related read: Accelerate Your SAP S/4HANA Migration with RPA This example is just the tip of the iceberg when it comes to the areas where RPA is useful! The real payoff lies deeper: in the business itself. Just think about the different overlapping tasks that occur across various departments within your organization: in customer management, product management, ordering, delivery, vendor management, invoicing and reimbursing, purchasing, logistics, reporting, accounting, and employee management. How many manual copy-paste tasks can you find in those departments? Would now be the right time to take the bold step and enter the automation first era in an easy way? Learn more about how to get started with RPA and plan for a successful automation journey. Editor’s note: this is a guest post. Views represented in this blog post belong to the author and are not necessarily representative of UiPath. This is a companion discussion topic for the original entry at https://www.uipath.com/blog/rpa/robotic-process-automation-myths",1606,1,0,1,0,0,1,1,1,1,0,1,0,5
uipath_forum,"""SAP S/4HANA"" ""UiPath""",333584,1001240,https://forum.uipath.com/t/4-key-takeaways-from-sapphire-now-2019/333584/1,4 Key Takeaways from SAPPHIRE NOW 2019,2021-07-29T19:46:02.122Z,bbc5e661e106c6dc,0,610,,"Last week wrapped up the 2019 SAPPHIRE NOW and ASUG Annual Conference . Now that I’m back home and have had an opportunity to reflect on the conference, I wanted to share what I consider the key takeaways from this year’s SAP conference. 1. Employee and customer experience are equally important “Experience is now the organizing principle of the global economy.” Bill McDermott, CEO, SAP McDermott spoke about the importance of experience in the keynote presentation on the first day of the conference. Ryan Smith, CEO of Qualtrics, joined McDermott onstage to announce “SAP Experience Management solutions” and the ability to have operational data and “experience data” in a central location to help guide all business decisions. At UiPath, the importance of excellent employee and customer experiences is built into our company culture. Improving customer and employee experiences are also a key benefit of Robotic Process Automation (RPA), so it was exciting to see these as themes carried throughout the 2019 SAPPHIRE NOW conference. Our own Tanja Breitling-Zboril, Global SAP Alliance Manager, and Dave Marcus, Vice President of Product and Alliance Management, presented “ How to Improve Customer and Employee Experience Across the Enterprise with RPA ” on the second day of the conference. Tanja referenced the experience management points made in the SAP keynote and walked the audience through examples of how organizations can improve employee and customer experience across the enterprise with RPA. One example was a contact center and improving the customer experience by using RPA to speed up resolution time. Contact centers still have a lot of manual processes and automation of those processes frees employees from tedious tasks to focus on the customer. The employees are happier and the customers are happier—it’s a win-win! 2. RPA is maturing and awareness is increasing Over the last few years, I’ve heard automation and RPA enter into an increasing number of conversations at the SAPPHIRE NOW conferences. In previous years, the conversations were more introductory-level with questions about what RPA is and why it matters. RPA is maturing as a market and the SAPPHIRE conversations I heard on the floor and at the UiPath booth reflected this evolution. Most people knew what RPA is and their questions were based around how to get started with RPA or how to scale RPA within their enterprise. Participants and exhibitors at this year’s conference not only knew and were enthusiastic about RPA but also already knew about UiPath. People mentioned having seen UiPath as an RPA leader in industry analyst reports (such as Forrester Wave™: Robotic Process Automation ) and others were eager to hear how our recent Series D funding would further accelerate the UiPath Platform. 3. Excitement around RPA continues to grow I noticed more than an increased awareness of what RPA is and what it can help intelligent enterprises accomplish; this year at SAPPHIRE NOW the excitement level around RPA was palpable. ![Param-Kahlon-RPA-SAPPHIRE-NOW](upload://lkvZQKmcvqTQY80VQi1TkGje0S8.jpeg) Our Chief Product Officer, Param Kahlon, during his conference presentation “Robotic Process Automation: The New Enterprise Superpower.” There was a steady stream of visitors to the UiPath booth throughout each day of the conference. RPA presentations had full audiences and many had standing-room only. ![ashim-gupta-uipath-sapphire-now](upload://rsZcO56xJ114dpzU14Y8b1btKsi.jpeg) Our Chief Customer Success Officer, Ashim Gupta, giving his presentation “Using RPA to Transform Your Finance Department.” Following UiPath presentations, people in the audience followed presenters back to our booth to see in action what they had just learned about. It took persuading to talk some non-technical business users into stepping up to the “build your own Robot” station at the UiPath booth, but once there, they were proud to be able to create their own UiPath automation and surprised it was possible without coding skills. Many of the conference attendees on the more technical side of the house were still in the research stage of determining the most efficient and economical way to migrate to SAP S/4HANA by the 2025 deadline. Their faces lit up at the realization that Robots could be used to accelerate the S/4HANA migration and then reused post-migration to automate business-critical processes and improve day-to-day operational efficiency. 4. Beyond SAP: End-to-end process automations are key This was something I saw across the conference, starting with the keynote presentation the first morning of the conference, in which McDermott discussed SAP focus points for the upcoming year and one was providing end-to-end solutions to enable integrated business planning. While many of the demonstrations provided by our pre-sales team at the UiPath booth focused on using RPA for SAP systems , conference attendees wanted to understand UiPath integration capabilities with both SAP and non-SAP systems. The conference targeted SAP customers, but virtually no business process is exclusively SAP-based. Therefore, end-to-end process automation is critical to obtain the highest return on investment (ROI) from RPA . Thank you for a great conference While this year was the first year UiPath was at the SAPPHIRE NOW conference, I’ve been attending the annual SAP conference for many years, which gave me a unique perspective when considering my key takeaways from this year’s conference. I also want to say “thank you” for the warm welcome to all who attended our presentations, visited our booth, and to the UiPath Business Partners who gave presentations and demonstrations at the UiPath booth. You can also check out this great recap video from our engineers who manned the UiPath booth during the conference: Get the latest information about how UiPath and SAP work together on our SAP automation web page . This is a companion discussion topic for the original entry at https://www.uipath.com/blog/automation/sapphire-now-2019-key-takeaways",972,1,0,1,0,0,0,0,0,0,0,0,1,1
uipath_forum,"""SAP S/4HANA"" ""UiPath""",812313,1877965,https://forum.uipath.com/t/accelerating-sap-s-4hana-migration-with-ai-powered-test-automation-the-quidelortho-approach/812313/1,Accelerating SAP S/4HANA Migration with AI-Powered Test Automation: The QuidelOrtho Approach,2025-01-10T09:43:23.656Z,54e345c02cf37ac6,0,69,,"Event type (please select 1 item) Speaker - UiPath Conferenece (DevCon, Forward, etc.) Description Join Bhaskar Bulusu, SAP Lead at QuidelOrtho; Amit Tiwari, VP of Technology and Head of Digital Practice at The Silicon Partners; and Lev Kushnir, Senior Director of Product Management at UiPath to discover how QuidelOrtho is leveraging AI-powered capabilities to revolutionize testing and automation for a faster transition to SAP® S/4HANA. Learn how a standardized data architecture is enabling the extension of automation and driving AI innovation across the business, setting a new benchmark for efficiency and innovation. Plus, you’ll hear about QuidelOrtho’s plans to expand test automation to other critical projects. Link uipath.com FORWARD + TechEd Agenda | UiPath Find out what's on the agenda for FORWARD and TechEd, including breakout sessions, speakers lineup, lunch and topic roundtables and valuable networking opportunities. Date 2024-10-24 Related UiPath products (please select up to 2 products) IT Automation Test Suite",157,1,0,1,0,0,0,0,0,1,0,0,0,1
uipath_forum,"""SAP S/4HANA"" ""UiPath""",514258,1424339,https://forum.uipath.com/t/edf-renewables-automates-90-of-their-sap-testing-with-uipath-test-suite/514258/1,EDF Renewables Automates 90% of Their SAP Testing with UiPath Test Suite,2023-02-06T15:27:42.329Z,bbc5e661e106c6dc,0,758,,"To build a robust application, regression testing is critical. And using modern automated testing technologies provides the best benefits possible. For SAP® applications and SAP S/4HANA migration processes, it's especially crucial to automate testing. Why? Automated testing for SAP can: Ensure the quality of critical business processes Streamline testing cycles Improve testing accuracy Along with these enhancements, SAP testers can leverage automated testing to streamline their day-to-day responsibilities and activities. Examples include: Saving time on tedious tasks such as data entry and reporting Achieving data consistency across various systems Minimizing errors that arise from manual entries and efforts Identifying key automatable processes that provide the fastest and biggest impact to the enterprise There's one platform on the market that can address all these needs, including offering enterprise-wide automation and scalability across platforms: UiPath Business Automation Platform. UiPath Platform includes production-grade, low-code automation and artificial intelligence (AI) capabilities. And it powers Test Suite , a resilient testing solution. In 2022, one of our customers surfaced as an exemplary model for using Test Suite to transform their SAP testing practices. What made them stand out? In this blog post, we’re sharing how EDF Renewables, a global renewable energy leader and independent power producer, has been so innovative with their SAP testing. EDF Renewables: automating everything SAP Before diving into their test automation journey, EDF Renewables faced the challenge of performing manual daily regression testing for key processes within SAP. This manual testing resulted in long and tedious testing cycles and delivery bottlenecks. ""We wanted an automated testing tool that has a high level of efficiency and can achieve results with great speed as well,” said Sameer Band, SAP Architect at EDF Renewables. “So, we looked out into the market, zeroed in on UiPath, and got help from The Silicon Partners. And they have been guiding us ever since.” In partnership with The Silicon Partners, EDF Renewables leveraged UiPath Test Suite to automate their daily regression testing of critical business processes within SAP. Using a library of 250 prebuilt test scripts for SAP test automation, EDF Renewables employed best practices powered by test workflows and robotic process automation (RPA) capabilities (all available on the UiPath Platform). These best practices included an SAP automated testing framework featuring test scripts, test coverage, test data, test results, test evidence, and deployment. With this framework in place, EDF Renewables targeted specific process areas within SAP to deploy test automation robots, including: Financial accounting Quality management Materials management Production planning Sales and distribution Human capital management (SAP SuccessFactors) results before and after UiPath test automation EDF Renewables 2840×1600 251 KB Source: ""Automate Everything: (A)SAP​ Processes, Tests, and Migrations"" session at UiPath FORWARD 5 ""It's important to create evidence which can support the business or the change management team where they don't have to depend on any manual effort to approve those tests,” noted Amit Tiwari, Vice President of Technology and Head of Digital Practice at The Silicon Partners. “You can move from one environment to the other environment simultaneously and into production."" EDF Renewables also used Test Suite for additional key testing opportunities, such as for SAP upgrades. Everything used to be all manual and with this project we achieved close to 90% automation rate, which is absolutely amazing. Our deployment cycle used to take two to three weeks, and now the entire process takes just two to three hours because UiPath Test Suite has streamlined the way we configure and test. Sameer Band, SAP Architect, EDF Renewables Notably, EDF Renewables achieved this 90% automation rate within five months —a testament to Test Suite’s ease of use and significant impact. They also reduced costs by 70–80% and increased their release speed by 6x . ""In five months, we were able to automate the whole process of deployment and releasing, inclusive of test automation, which includes all of the business processes,” said Sameer. Up next What’s next for EDF Renewables in their test automation journey? Looking forward, EDF Renewables plans to use Test Suite for their SAP S/4HANA migration efforts, as well as for RPA testing. Interested in diving deeper into EDF Renewables’ SAP testing success story? Register for our 'Best of Test' Bundle to watch the session recording of EDF Renewables and The Silicon Partners. Feeling inspired by EDF Renewables? Try UiPath Business Automation Platform for free , including access to UiPath Test Suite capabilities. See firsthand how the UiPath Platform can transform your SAP testing practices. This is a companion discussion topic for the original entry at https://www.uipath.com/blog/product-and-updates/edf-renewables-automates-sap-testing-with-uipath-test-suite",781,1,0,1,0,0,0,0,0,1,1,1,0,3
uipath_forum,"""SAP S/4HANA"" ""UiPath""",341999,1022929,https://forum.uipath.com/t/uipath-technology-integration-series-2/341999/1,📢 UiPath Technology Integration Series 2,2021-09-02T07:14:33.274Z,b3ea4a1ab7f1b5a1,0,1179,,"Overall event banner_1200x628_TW (1) 1200×628 696 KB It’s high-time to power up enterprise technology through automation! UiPath RPA has all the benefits of a versatile platform that can be used alongside many other technologies to achieve desired results. To help you understand how you can get better output, we are conducting* UiPath Tech Integrations Series *2. We will showcase integration capabilities with Workday, SAP, Microsoft, Salesforce, ServiceNow, and more Check out our following sessions line-up for September and October, on your preferred timezone 10 am PST or 13:00 pm GMT Sessions Quickly drive secure and robust automations for Workday Automate SAP S/4HANA business processes across all user interfaces Better together: How to integrate UiPath into your Microsoft Environment Automation though APIs with the new UiPath Integration Service RSVP Here for 10 am PST ( Best suited US Timezone) RSVP Here 13:00 pm GMT ( Best suited EMEA / APAC Timezone) Happy Automation!",156,1,0,1,0,0,0,0,0,0,0,0,0,0
uipath_forum,"""SAP S/4HANA"" ""UiPath""",341999,1025561,https://forum.uipath.com/t/uipath-technology-integration-series-2/341999/2,📢 UiPath Technology Integration Series 2,2021-09-06T13:33:35.121Z,63a27b1a05c90477,0,1179,,,0,0,0,1,0,0,0,0,0,0,0,0,0,0
uipath_forum,"""SAP S/4HANA"" ""UiPath""",333590,1001246,https://forum.uipath.com/t/how-rpa-transforms-data-migration/333590/1,How RPA Transforms Data Migration,2021-07-29T19:46:04.000Z,bbc5e661e106c6dc,0,610,,"This article defines data migration as the movement or copying of data from one system or database to another. Triggers for data migration projects range from retirement of legacy systems to enterprise resource planning (ERP) upgrades. Business scenarios that create these and other triggers include: Merger or acquisitions : multiple legacy information technology (IT) systems and datasets left in the wake of mergers or acquisitions, requiring consolidation for operational efficiencies and cost reductions. Application standardization : mergers, acquisitions, or ungoverned purchases created multiple software platforms serving identical purposes; reduction and standardization lower licensing costs, elevates support efficiencies and reduces employee training requirements. Modernization : a strategic decision to sunset existing systems in order to increase business competitiveness, achieve higher operating efficiencies, and/or optimize customer experience. Regardless of what triggers data migration, a successful implementation requires precision in planning, implementation, and transition. Significant risk is always present because once migration is done the source system or database goes dark—there’s no going back or second chances. RPA and data migration Robotic Process Automation (RPA) capabilities position this technology for consideration as a data migration tool because highly structured, rules-based migration activities fit the profile of what robots do best. That profile is apparent in the fundamental extract, transform, load (ETL) data migration methodology. Extract Design : well-defined requirements for the manner in which data will be extracted, held, and verified. Transform : solution design rules guide data transformation for the targeted to-be data structure. Load : clearly defined steps dictate how extracted and transformed data is mapped into the target structure. Test and Recovery : specific unit and integration test plans, along with exit criteria, reporting, roll-back, and recovery procedures for every migration stage. By spelling out rules, sequential activities, and required outcomes for every data migration step, this ETL methodology makes a clear case for using RPA. Further, since data migration often involves legacy systems lacking API access, RPA’s unique user interface (UI)-level integration, which avoids impacting underlying systems and databases, makes it a low-risk choice. Use case example This insurance industry use case example illustrates the value of RPA in relatively modest migration projects. The need to migrate data in the insurance industry is commonly tied to the acquisition of a “book of business”—or block of policies—by one company from another. It’s not unusual for these books to have been written years ago and administered on old legacy systems supplemented by spreadsheets. Acquired books of business are typically at least several hundred thousand policies and the practical difficulties of extracting and cleansing this volume of data from legacy systems and spreadsheets is not hard to imagine. Acquired policies are “live” and must be administered, so migration time is of the essence. While that sounds like an obvious role for automation, this scale of a legacy migration rarely justifies the time and expense of a systems integration project. Before RPA emerged as a rapid, low-cost automation option, acquiring companies had few options beyond deploying a migration team of several small groups; typically leads and analysts from the business unit tasked with servicing the acquired policies. These groups worked through extraction, quality review, and cleansing. Then, the IT department would take on transforming, loading, and testing activities. This labor-intensive approach to data migration meant a book of several hundred thousand policies could take up to 12 weeks and cost in the neighborhood of $350,000—but a bargain in time and money compared to a systems integration project. Now, with proper planning and execution, RPA can change both timelines and costs. First step : designing and automating a rules-driven migration process for all three steps: extracting, transforming, and loading. To be effective, this workflow must clearly define rule-driven steps appropriate for automation and logical exception points where human intervention is necessary. Second step : a reassignment of roles and responsibilities which leverages the different strengths of robotic automation and the business analysts. Third step : integrating the automated processes with unit and integration test scripts. Unattended robots do their work invisibly in the background, and analysts often remain involved—but in a different role. With error-free automation taking over the role of manual data movement, analysts can focus on documenting, archiving, and resolving errors in data properties and activity outcomes. If the migration is large enough to justify it, automating many of those activities will be done as well. With effective process modeling, automation design, and training, RPA can cut the migration time and costs by 50% and 40% respectively. Additional benefits include complete extraction accuracy and detailed, archived log files on all transactions for operating and compliance purposes. UiPath Enterprise RPA Platform and data migration While the previous use case makes a compelling argument for RPA, it does so for a modest data migration scope. To be effective beyond that scope, the RPA solution must scale to hundreds of robots leveraging complex work queues in parallel processing execution. While UiPath is one of the few platforms capable of scaling to that level, the reality is large scale data migration requires enterprise-grade software tools specifically designed for the job. The value UiPath brings to these large data migration projects is tied to our unique drag-and-drop REST API & webhooks —features that create unmatched, dynamic integration with other automation solutions: for example, ERP, business process management (BPM) and data migration tools such as our partner SiriusIQ. By dynamically integrating with SiriusIQ at the UiPath Orchestrator and Robot level, UiPath and the SiriusIQ data migration tool become a seamless, powerful solution for customers facing large scale, one-time data migration and system configuration projects involving massive amounts of data: typically, hundreds of terabytes. Within this solution, Orchestrator moves the vast majority of activities left for humans by SiriusIQ to unattended Robots. These tasks go beyond monitoring and error-handling to include the validation of migrated transactions. You can see this powerful UiPath/SiriusIQ large scale data migration solution in action: This approach has been used so successfully in large-scale SAP migrations that EY is working with UiPath to roll out a S/4HANA upgrade migration offering. You can see more information on how UiPath is transforming large scale data migration, particularly for the SAP S/4HANA migration, below: Automated data conversion, testing, and custom code remediation are examples of where RPA, and aligned technologies such as machine learning, will be combined in this S/4HANA upgrade approach. Bill Hale, digital automation leader at EY, projects this methodology will cut upgrade cost and time in half. As both use cases—one with modest migration scope and the other with hundreds of terabytes—make clear, the use of RPA in the migration of data delivers compelling cost and performance benefits. It’s a testimony to the power and flexibility of the UiPath Enterprise RPA Platform it brings the same benefits of rapid deployment, return on investment (ROI), and performance scaling to such widely divergent scenarios, effectively bringing automation to activities that otherwise would be relegated to employees. David Eddy is the Director of Strategic Marketing at UiPath. Note: This post is an updated version of my 2015 post How Robotic Process Automation Fits Data Migration This is a companion discussion topic for the original entry at https://www.uipath.com/blog/rpa/how-rpa-transforms-data-migration",1222,1,0,1,0,0,1,1,0,1,0,1,1,5
uipath_forum,"""SAP S/4HANA"" ""UiPath""",557945,1534895,https://forum.uipath.com/t/in-my-current-project-we-are-using-sap-application-now-sap-team-wants-to-upgrade-migrate-it-to-sap-s-4hana-application/557945/1,In my current project we are using SAP Application. Now SAP team want's to upgrade/Migrate it to SAP S/4HANA Application?,2023-06-27T02:01:43.435Z,fd6b4aa43a7a85c3,3,413,,"Hi Team , In my current project we are using SAP Application. Now SAP team want’s to upgrade/Migrate it to SAP S/4HANA Application? Is the any best ways to do that ? 2)Is there any updated/New packages activities in UiPath studio ? Need some help on this ? Regards. Suresh.T",52,1,0,1,0,0,0,0,0,0,0,0,1,1
uipath_forum,"""SAP S/4HANA"" ""UiPath""",557945,1534913,https://forum.uipath.com/t/in-my-current-project-we-are-using-sap-application-now-sap-team-wants-to-upgrade-migrate-it-to-sap-s-4hana-application/557945/2,In my current project we are using SAP Application. Now SAP team want's to upgrade/Migrate it to SAP S/4HANA Application?,2023-06-27T02:53:32.496Z,2cae8b47678247ed,3,413,,Thumu_Suresh: SAP S/4HANA Application you need to do analyzing the element between both and you can decide it whether redo from the beginning or modify some activity.,28,1,0,0,0,0,0,0,0,0,0,0,1,1
uipath_forum,"""SAP S/4HANA"" ""UiPath""",557945,1535154,https://forum.uipath.com/t/in-my-current-project-we-are-using-sap-application-now-sap-team-wants-to-upgrade-migrate-it-to-sap-s-4hana-application/557945/3,In my current project we are using SAP Application. Now SAP team want's to upgrade/Migrate it to SAP S/4HANA Application?,2023-06-27T07:48:12.188Z,fd6b4aa43a7a85c3,3,413,,Is there any tool to migrate or Do we need to check step by step workflow . Any new SAP Package/Activities is available .,23,1,0,0,0,0,0,0,0,0,0,0,1,1
uipath_forum,"""SAP S/4HANA"" ""UiPath""",557945,1535410,https://forum.uipath.com/t/in-my-current-project-we-are-using-sap-application-now-sap-team-wants-to-upgrade-migrate-it-to-sap-s-4hana-application/557945/4,In my current project we are using SAP Application. Now SAP team want's to upgrade/Migrate it to SAP S/4HANA Application?,2023-06-27T10:35:53.968Z,2cae8b47678247ed,3,413,,as I know they don’t have it. even though you have a tool you need to do testing end to end tho.,23,1,0,0,0,0,0,0,0,0,0,0,1,1
uipath_forum,"""SAP S/4HANA"" ""UiPath""",557945,1535547,https://forum.uipath.com/t/in-my-current-project-we-are-using-sap-application-now-sap-team-wants-to-upgrade-migrate-it-to-sap-s-4hana-application/557945/5,In my current project we are using SAP Application. Now SAP team want's to upgrade/Migrate it to SAP S/4HANA Application?,2023-06-27T12:59:56.197Z,fd6b4aa43a7a85c3,3,413,,sorry…!! .Do we have any tool in UiPath to test such type of Migration .,14,1,0,1,0,0,0,0,0,1,0,0,1,2
uipath_forum,"""SAP S/4HANA"" ""UiPath""",333589,1001245,https://forum.uipath.com/t/discover-the-power-of-rpa-and-sap-together-join-uipath-at-sapphire-now/333589/1,Discover the Power of RPA and SAP Together: Join UiPath at SAPPHIRE NOW,2021-07-29T19:46:03.552Z,bbc5e661e106c6dc,0,661,,"UiPath will exhibit at the SAPPHIRE NOW and ASUG Annual Conference , the annual SAP conference for business leaders and information technology (IT) professionals in the extended SAP community. We'll be there to show you how to get more returns from your SAP investment with Robotic Process Automation (RPA) and how you can adapt an ' automation first ' mindset in your own organization. Many attendants are preparing for a significant migration from SAP ERP Central Component (ECC) to SAP S/4HANA and we'll demonstrate how you can make that migration easier. Far from being a cause of stress, migration can open the opportunity to pursue the additional automation opportunities for an intelligent enterprise. For many, automation has been the intelligent enterprise dream for decades, but it's often been difficult to find the right place, the right time, and the right automation solution. Below, you'll find some of the exciting information we'll be presenting, who you can see at the event to get more details, and how RPA can take your SAP applications to the next level . Automation accelerates digital transformation Speed, quality, and employee satisfaction are all at risk if your organization is focused on processing large volumes of repetitive, manual tasks. The more repetitive a task, the more likely someone will eventually make an error. Errors accumulate, and can lead to inaccuracies in important records, compliance problems, and dissatisfied customers. The possibility of solving these problems with automation isn't new. In the past, developers have spun up numerous process automations to address inefficiencies as they come along. These one-off solutions, however, tend to suffer from isolation. When they work, they work, but if any part of the system they connect to changes, then they often need to be rebuilt. Automations on the edge can only provide limited value. Through UiPath, you can get end-to-end automation that connects to applications inside and outside the SAP ecosystem. RPA can actually increase the value of your SAP investment by enabling you to do more tasks at a higher speed across a wider range of applications. The benefits this provides to finance, for instance, are plentiful. With RPA, you can automate a range of important finance tasks you'd do in SAP, such as invoice entry and collection, validation, reconciliation, payroll, and expense management. Even if your purchase orders or invoices are coming in via fax, mail, or emailed PDFs, computer vision and optical character recognition (OCR) can enter that data automatically, so employees don't have to type it manually. RPA enables you to design processes that are more consistent and enforceable, all backed by an audit trail. You can even use RPA to automate your quarterly and annual financial reporting. With the revenue-to-cash cycle spinning faster, you can free your team to work on more strategic projects. Consider RPA your first step to having a digital workforce. If you're excited about this digital transformation—and no longer be dealing with mountains of manual data entry—automating your SAP processes can be your first step to RPA. The opportunities for automation are endless and you can start almost anywhere. The future is UiPath and SAP, together The UiPath Enterprise RPA Platform allows you to succeed faster and better with SAP—now and in the future. At SAPPHIRE NOW, join UiPath to learn even more about empowering the enterprise, accelerating migrations, transforming finance, and improving customer and employee experiences. Come see us at SAPPHIRE NOW from May 7-9 in Orlando, Florida. Stop by booth #943 and build your own SAP Robot in just 20 minutes or attend one (or more) of our presentations: Tuesday May 7th, 2:30 PM Robotic Process Automation (RPA): The New Enterprise Superpower Param Kahlon, Chief Product Officer, UiPath Hala Zeine, President of Digital Supply Chain and Manufacturing, SAP Tuesday May 7th, 3:30 PM Accelerate Your S/4HANA Migration with UiPath RPA and EY Peter Villeroy, Director Global SAP Practice, UiPath Bill Hale, Digital Automation Leader, EY Wednesday May 8th, 11:00 AM Using Robotic Process Automation to Transform Your Finance Department Ashim Gupta, Chief Customer Success Officer, UiPath Wednesday May 8th, 3:00 PM How to Improve Customer/Employee Experience Across the Enterprise with RPA David Marcus, Product and Technology Alliance Management VP, UiPath Tanja Breitling-Zboril, Global SAP Product Alliance, UiPath UiPath is the Platform for the automation first era Automation has long promised a new paradigm in business transformation, but it has since crossed a threshold. Enterprises are now automating essential processes and freeing their employees to do the kinds of critical and creative work that only humans can do. In the past, companies had internal RPA developers who championed automation. Now, entire boards are planning ambitious RPA programs. In the automation first era, we envision a Robot For Every Person , continued collaboration to keep improving the UiPath Platform, and a commitment to Robots that learn skills. We're committed to this vision, and we want to empower your enterprise to get started with RPA . UiPath makes it easy for employees and departments to discover processes they can improve, and build and use automations to achieve efficiency in SAP environments that was previously impossible. We look forward to seeing you at the SAPPHIRE NOW conference next week! Updated information available. Read about the highlights from our time at the conference: SAPPHIRE NOW Day 1 Highlights SAPPHIRE NOW Day 2 Highlights 4 Key Takeaways from SAPPHIRE NOW 2019 Did you miss us at the conference? No problem! Now you can get all the insights, guides, and more from the conference straight to your inbox! Peter Villeroy is director of global SAP practice at UiPath. This is a companion discussion topic for the original entry at https://www.uipath.com/blog/automation/uipath-at-sapphire-now-2019",971,1,0,1,0,1,0,0,0,0,0,0,1,2
uipath_forum,"""SAP S/4HANA"" ""UiPath""",316172,956083,https://forum.uipath.com/t/sap-760-uipath-selector-are-not-reliable/316172/1,SAP 760 Uipath Selector are not reliable,2021-05-19T07:58:02.695Z,5e3867a76d4bcf9f,11,2109,,I’m getting elements selector are like this below with SAP 760 Version Any idea about this.,17,0,0,1,0,1,0,0,0,0,0,0,0,1
uipath_forum,"""SAP S/4HANA"" ""UiPath""",316172,956092,https://forum.uipath.com/t/sap-760-uipath-selector-are-not-reliable/316172/3,SAP 760 Uipath Selector are not reliable,2021-05-19T08:03:35.198Z,5e3867a76d4bcf9f,11,2109,,This kindly of selector. In earlier SAP version it return proper text. Any idea about this,16,0,0,1,0,1,0,0,0,0,0,0,0,1
uipath_forum,"""SAP S/4HANA"" ""UiPath""",316172,956132,https://forum.uipath.com/t/sap-760-uipath-selector-are-not-reliable/316172/4,SAP 760 Uipath Selector are not reliable,2021-05-19T08:42:40.729Z,f7e1042ac257b1b3,11,2109,,"HI @kani4489 Your issue is not clear. Please provide previous selector, the new selector and the screenshot of SAP WInGUI Screen you are automating, which field, which screen? Best regards, Lev",31,0,0,1,0,1,1,0,0,0,0,0,0,2
uipath_forum,"""SAP S/4HANA"" ""UiPath""",316172,956970,https://forum.uipath.com/t/sap-760-uipath-selector-are-not-reliable/316172/5,SAP 760 Uipath Selector are not reliable,2021-05-20T08:20:57.789Z,5e3867a76d4bcf9f,11,2109,,"Hi Lev, This SAP popup window and i need to attach that window to fill the information. SAP GUI popup Wnd UiPath Explorer Selectors CaptureSelector 1333×684 25.6 KB",30,0,0,1,1,1,0,0,0,0,0,0,0,1
uipath_forum,"""SAP S/4HANA"" ""UiPath""",316172,956987,https://forum.uipath.com/t/sap-760-uipath-selector-are-not-reliable/316172/6,SAP 760 Uipath Selector are not reliable,2021-05-20T08:33:47.770Z,f7e1042ac257b1b3,11,2109,,"HI @kani4489 Check is SAP Scripting is enabled Configuration Steps check if these settings are done Configuration Steps The automation is easily possible. Please check 2 points above Best regards, Lev",31,0,0,1,0,1,0,0,0,0,0,0,0,1
uipath_forum,"""SAP S/4HANA"" ""UiPath""",316172,957002,https://forum.uipath.com/t/sap-760-uipath-selector-are-not-reliable/316172/7,SAP 760 Uipath Selector are not reliable,2021-05-20T08:43:53.792Z,5e3867a76d4bcf9f,11,2109,,"Hi Lev, Yeah Scripting is already enabled, My understanding is it’s look like language understanding issue. because the same SAP GUI popup window selectors are return the proper title text while its in “English” but when i’m with “Russian” i faced this issue. Kindly refer the below selector details with English language settings. CaptureEng 1333×638 23.5 KB",61,0,0,1,1,1,0,0,0,0,0,0,0,1
uipath_forum,"""SAP S/4HANA"" ""UiPath""",316172,957154,https://forum.uipath.com/t/sap-760-uipath-selector-are-not-reliable/316172/8,SAP 760 Uipath Selector are not reliable,2021-05-20T10:49:56.558Z,f7e1042ac257b1b3,11,2109,,"@kani4489 The language is not an issue. Show me the screenshot of selector of the field, where you want Type Into some data? Then I will be super clear. Lev",30,0,0,1,0,1,1,0,0,0,0,0,0,2
uipath_forum,"""SAP S/4HANA"" ""UiPath""",316172,957162,https://forum.uipath.com/t/sap-760-uipath-selector-are-not-reliable/316172/9,SAP 760 Uipath Selector are not reliable,2021-05-20T10:59:40.935Z,5e3867a76d4bcf9f,11,2109,,"Hi Lev, Here i want enter the text. CaptureEng 1333×672 31.8 KB",14,0,0,1,0,1,0,0,0,0,0,0,0,1
uipath_forum,"""SAP S/4HANA"" ""UiPath""",316172,957170,https://forum.uipath.com/t/sap-760-uipath-selector-are-not-reliable/316172/10,SAP 760 Uipath Selector are not reliable,2021-05-20T11:07:43.442Z,f7e1042ac257b1b3,11,2109,,"This looks good. I see the SAP ID in selectors - it means the scripting is activated correctly Please give me an SAP transaction, that I can reproduce it on my machine. Thanks, Lev",33,0,0,1,0,1,1,0,0,0,0,0,0,2
uipath_forum,"""SAP S/4HANA"" ""UiPath""",316172,957179,https://forum.uipath.com/t/sap-760-uipath-selector-are-not-reliable/316172/11,SAP 760 Uipath Selector are not reliable,2021-05-20T11:21:03.028Z,5e3867a76d4bcf9f,11,2109,,Transaction Code is Z_L_RU_OTC_TRN_SOTR then click Shift+F5 Popup window will opened,12,0,0,1,0,1,1,0,0,0,0,0,0,2
uipath_forum,"""SAP S/4HANA"" ""UiPath""",316172,957189,https://forum.uipath.com/t/sap-760-uipath-selector-are-not-reliable/316172/12,SAP 760 Uipath Selector are not reliable,2021-05-20T11:31:46.794Z,f7e1042ac257b1b3,11,2109,,"Ok, great! I was able to reproduce it and can confirm that I see it similar. If it Russian or I have just tried with Japanese the all characters is just a number something like this: title=‘+/v8-+UCR7xFbyUjaWUA-’ Now my question, what is the issue? You can replace the title with * and UiPath will anyway find the right control. Lev",61,0,0,1,0,1,0,0,0,0,0,0,1,2
uipath_forum,"""SAP S/4HANA"" ""UiPath""",316172,957195,https://forum.uipath.com/t/sap-760-uipath-selector-are-not-reliable/316172/13,SAP 760 Uipath Selector are not reliable,2021-05-20T11:38:49.713Z,5e3867a76d4bcf9f,11,2109,,"Yeah, we can replace with * but sometime i’m facing issues like text properly entered into the field also not return the error. So i prepared with title should have text.",31,0,0,1,0,1,1,0,0,0,0,0,1,3
uipath_forum,"""SAP S/4HANA"" ""UiPath""",316172,957215,https://forum.uipath.com/t/sap-760-uipath-selector-are-not-reliable/316172/14,SAP 760 Uipath Selector are not reliable,2021-05-20T11:59:36.433Z,f7e1042ac257b1b3,11,2109,,"@kani4489 Using * in the titel is a solution, it will work always. If you are facing some issue, than it does not connect to the titel PS: in regard the topic “title is not properly recognised in different languages” I would create an issue in our backlog to investigate more.",50,0,0,1,0,1,0,0,0,0,0,1,0,2
uipath_forum,"""SAP S/4HANA"" ""UiPath""",316172,957218,https://forum.uipath.com/t/sap-760-uipath-selector-are-not-reliable/316172/15,SAP 760 Uipath Selector are not reliable,2021-05-20T12:04:37.129Z,5e3867a76d4bcf9f,11,2109,,"Thanks Lev, I’ll try with replacing *., FYI., In older 2018.4 UiPath Version its worked perfectly with title, but in 2020 version this issue coming. Thanks.",27,0,0,1,0,1,0,0,0,0,0,0,0,1
uipath_forum,"""SAP S/4HANA"" ""UiPath""",316172,957229,https://forum.uipath.com/t/sap-760-uipath-selector-are-not-reliable/316172/16,SAP 760 Uipath Selector are not reliable,2021-05-20T12:21:29.340Z,f7e1042ac257b1b3,11,2109,,"With 20.4 version we have completely switched the way we are automating SAP. This was a big step in comparison to 2018. Now we are using SAP API scripting interface and able to automate all elements in SAP. SAP Automation is stable, reliable and not breaking. We got also certification by SAP for SAP WinGUI Automation for SAP ECC and SAP S/4HANA confirming, that we are following technical standards for implementation. Read more here: SAP Automation - what’s new in UiPath Studio 20.4 Product News SAP Community, I am more than happy to announce our latest offering for SAP automation world, which we have delivered with UiPath Community 20.4 Stable Release What’s new in UiPath 20.4 for SAP RPA and SAP Test Automation: Completely new SAP Academy course , to help you to learn the automation techniques and the best practices for SAP WinGUI automation Completely new SAP documentation , to cover all your information needs around SAP automation UiPath has certified integration with SAP S… Best regards, Lev",173,1,0,1,0,1,1,0,0,1,1,0,0,4
uipath_forum,"""SAP S/4HANA"" ""UiPath""",569283,1569542,https://forum.uipath.com/t/how-to-setup-sap-heatmap/569283/1,How to setup SAP Heatmap,2023-08-02T18:48:40.943Z,313de30e7c4d9d0e,0,1007,,"Learn how to set up a powerful SAP Heatmap using UiPath Test Suite! Let’s go through the setup of the environment, connection to SAP, connecting the test cases, and leverage UiPath Test Manager for seamless testing. This process will render the SAP Heatmap and let’s see how we could make full use of it. Prerequisites Orchestrator version should be 21.10 or higher . UiPath studio version should be 21.10 or higher . SAP the Heatmap is compatible with the following versions: SAP ECC SAP S/4HANA SAP EWM. Test manager Assign test license To get the test manager to display in the orchestrator, you need to add a license to your tenant with the right access. For thus you could follow the steps to enable the test manager: Assign the license to the tenant: Go the Admin panel. Click on the project name on the top left. Click on the License section (This will display all the license available, make sure you’ve got a testing license available) Licenses section 329×223 8.26 KB Scroll all the way down and click on the “license allocation to user.” Lookup your user and click on the allocate license button. Assign your user the “Tester” license. Display the test manager tab in the left menu: Go to the Admin panel. Click on your default tenant. Click on the services section. image 173×117 3.02 KB Lookup the test manager panel and click on the 3 dots on the bottom right and click on the enable. image 259×155 6.95 KB The test manager tab will be displayed on the left side menu. Create a test project Once the previous steps have been done, open the test manager and let’s create the first test project. By clicking “+Create new project”, fill in the new project details form: New project form 452×361 25 KB Name *: Give your new project a name Prefix *: Give it a prefix of at least 3 characters Description *: Give it a short description Once created the following project summary will be displayed: Test suite menu tabs 272×319 13.6 KB Dashboard : this tab will provide an overview of the projects based on a period. Test cases : This will contain all the test cases Test sets: This will contain the list of data sets for each test cases Test results: This will contain all the results for your test cases. Project settings: This is where your setup your project such as the integration / access as well as the custom fields definition. SAP integration Once the testing project is created let’s focus on the SAP connection in order to generate the Heatmap. Let’s go through each method for generating the Heatmap. SAP instance connection To connect the SAP instance let’s start off by opening the project in test manager and navigate to the projects setting. In the settings tab open the “Integration” tab. This will display all the connectors that UiPath test suite offers: Integration 136×276 16.6 KB Let’s click on the SAP connector, and the connectors form will be displayed as such: Connector form 565×286 18.2 KB Let’s start of by fill in the projects name and description, then we’re going to choose the connect to a SAP instance. This will require you to fill in the SAP instance details: SAP Instance connector 679×993 59.9 KB Application Server: IP address that your SAP system is working on. System name: Three-letter SAP system ID. Instance Number : SAP system number. Client: SAP client tolog into. User: SAP user name. Password: SAP password. Polling Interval: Time interval when data is brought from the SAP system. The minimum value for this is one hour. Once all the details are filled in, save it and refresh the page and the Heatmap will be displayed. SAP .csv import Using the same steps as connecting an instance to SAP, but this time we’ll tick the “Upload from CSV” radio button: SAP Heatmap csv form 492×404 24.8 KB This step will require you to upload an extraction from you’re SAP system in a csv format, in order to get that CSV we’ll have to follow the following steps: Go to SAP and execute transaction sa38. You land on the ABAP: Program Execution page, where Z_UiPath_CUST_HEATMAP_DOWNLOAD is typed in Program. Run the program Z_UiPath_CUST_HEATMAP_DOWNLOAD. Find the UiPath documentation and the download file here : Test Manager - About Test Manager Select the proper tab to generate and download a CSV file from one day, one week, or one month. Once uploaded refresh the page and the Heatmap tab will be displayed. UiPath SAP Heatmap Once the tab is displayed let’s open it and have a look at what has been generated: SAP heatmap dashboard 945×279 100 KB Application components : Containers inside the heatmap that contain all the transactions used inside a specific application component. Transactions : Boxes inside the application containers that contain data about a certain transaction or program, such as: name, SAP code, and the percentage of test relevance in the heatmap. Yon can zoom in on a selected area of interest and focus only on a specific SAP component or module. Gray: no test cases were executed or test cases don’t exist for this transaction. Red: test cases exist and one or more executions failed. Green: test cases exist and all executions passed. Heatmap details 730×599 89.3 KB For any further information please find the UiPath documentation below: Test Manager - Getting started Test Suite - Heatmap Test Manager - CSV file connection Test Manager - About Test Manager",945,1,0,1,0,1,1,0,1,1,0,1,0,5
uipath_forum,"""SAP S/4HANA"" ""UiPath""",569283,1663272,https://forum.uipath.com/t/how-to-setup-sap-heatmap/569283/2,How to setup SAP Heatmap,2023-11-30T18:49:19.435Z,46591a25a8172757,0,1007,,@Abdelaziz_Zaiter for forum wiht documentation. We are attempting to take the Direct SAP connection route. More to come in the next couple of weeks,24,0,0,0,0,0,0,0,0,0,0,0,0,0
uipath_forum,"""SAP S/4HANA"" ""UiPath""",5748191,2191450,https://forum.uipath.com/t/community-scenario-challenge-what-would-you-do-with-uipath-for-coding-agents/5748191/1,🎮 Community Scenario Challenge: What would you do with UiPath for Coding Agents?,2026-05-22T12:50:17.503Z,497119d6cebbfa13,1,669,,"The last few weeks have been packed: coding agents can now build , operate , and troubleshoot UiPath. Selectors, Orchestrator jobs, faulted processes, legacy refactors — your agent handles it all. Let’s see what you, the community, actually think . Here are 4 real-world scenarios. For each one, pick what you’d do, and reply in the thread with: Your scenario number + answer (A / B / C / D) Which agent you’re using (Claude Code, Codex, Cursor, Gemini CLI…) Bonus: What prompt did you actually type? Scenario — The 3 am faulted job (Troubleshoot) You wake up to a Slack alert: your invoice-processing job has been faulting every 30 minutes since 2 am. It worked fine yesterday. You open your terminal and send a quick one-liner: “Why is invoice-processing failing?” — what do you do next to get the fastest, most actionable answer? A. Send the one-liner and wait — let the agent figure it out on its own. B. Follow up immediately with the job ID, process name, and the folder it runs in. C. Paste the full log file into the chat so the agent doesn’t have to fetch anything. D. Skip the investigation and ask it to roll back the last deployment right away. Scenario — The haunted selector (Build) A colleague left XAML with 3 selectors hardcoded with dynamic IDs. It breaks on every app update. You want your coding agent to fix it the UiPath way. Which prompt gets you the best result? A. “Fix the selectors in Main.xaml” B. “Replace the 3 brittle selectors in Main.xaml with a Strict selector for each target and store them in the Object Repository” C. “The automation breaks. Can you help?” D. “Rewrite the entire project so selectors never break again” Scenario — Skills install gone sideways (Setup) A colleague ran npm install -g @uipath/cli and uip skills install — but their agent still doesn’t know anything about UiPath conventions. What did they most likely forget? A. They didn’t restart the terminal after installing the CLI. B. During uip skills install , they didn’t select their agent from the list using spacebar before pressing enter. C. They need to install Node.js LTS first — it wasn’t on their machine. D. They forgot to install Claude Code or Codex before running the skills installer. Scenario — The legacy project rescue (Refactor) You inherit a 5-year-old project: hardcoded credentials, no Try/Catch, no Config.xlsx, dead selectors. The ask: modernize it for Maestro. How do you approach it? A. One big prompt: “Modernize this entire project for Maestro.” — and see what comes back. B. Break it into steps — credentials to Credential Store first, then Config.xlsx, then Try/Catch wrappers, then selectors, then Maestro migration — one prompt at a time. C. Ask the agent to rewrite from scratch based on what the process is supposed to do. D. Do it manually — legacy migrations are too risky to delegate to an agent. Drop your answers below! And if you’ve already tried any of these in real life, tell us how it actually went. The best-loved reply sharing real experience with UiPath for Coding Agents wins $50 in UiPath Swag. DDL of counting s is on 10th June,2026. (Not set up yet? Start here → Quickstart guide | Operate & Troubleshoot preview )",553,0,0,1,0,1,0,1,1,1,0,0,1,5
uipath_forum,"""SAP S/4HANA"" ""UiPath""",5748191,2191519,https://forum.uipath.com/t/community-scenario-challenge-what-would-you-do-with-uipath-for-coding-agents/5748191/5,🎮 Community Scenario Challenge: What would you do with UiPath for Coding Agents?,2026-05-22T14:57:33.765Z,66ce1a39cf4800d7,1,669,,"loredana_ifrim: Here are 4 real-world scenarios. For each one, pick what you’d do, and reply in the thread with: Your scenario number + answer (A / B / C / D) Which agent you’re using (Claude Code, Codex, Cursor, Gemini CLI…) Bonus: What prompt did you actually type? Scenario — The 3 am faulted job (Troubleshoot) You wake up to a Slack alert: your invoice-processing job has been faulting every 30 minutes since 2 am. It worked fine yesterday. You open your terminal and send a quick one-liner: “Why is invoice-processing failing?” — what do you do next to get the fastest, most actionable answer? A. Send the one-liner and wait — let the agent figure it out on its own. B. Follow up immediately with the job ID, process name, and the folder it runs in. C. Paste the full log file into the chat so the agent doesn’t have to fetch anything. D. Skip the investigation and ask it to roll back the last deployment right away. Scenario — The haunted selector (Build) A colleague left XAML with 3 selectors hardcoded with dynamic IDs. It breaks on every app update. You want your coding agent to fix it the UiPath way. Which prompt gets you the best result? A. “Fix the selectors in Main.xaml” B. “Replace the 3 brittle selectors in Main.xaml with a Strict selector for each target and store them in the Object Repository” C. “The automation breaks. Can you help?” D. “Rewrite the entire project so selectors never break again” Scenario — Skills install gone sideways (Setup) A colleague ran npm install -g @uipath/cli and uip skills install — but their agent still doesn’t know anything about UiPath conventions. What did they most likely forget? A. They didn’t restart the terminal after installing the CLI. B. During uip skills install , they didn’t select their agent from the list using spacebar before pressing enter. C. They need to install Node.js LTS first — it wasn’t on their machine. D. They forgot to install Claude Code or Codex before running the skills installer. Scenario — The legacy project rescue (Refactor) You inherit a 5-year-old project: hardcoded credentials, no Try/Catch, no Config.xlsx, dead selectors. The ask: modernize it for Maestro. How do you approach it? A. One big prompt: “Modernize this entire project for Maestro.” — and see what comes back. B. Break it into steps — credentials to Credential Store first, then Config.xlsx, then Try/Catch wrappers, then selectors, then Maestro migration — one prompt at a time. C. Ask the agent to rewrite from scratch based on what the process is supposed to do. D. Do it manually — legacy migrations are too risky to delegate to an agent. Scenario 1 — B Agent: Claude Code Prompt: “Investigate why InvoiceProcessing job ID 845721 in Finance-Prod folder has been faulting since 2 AM. Check recent deployments, queue exceptions, robot connectivity, and orchestrator logs.” Scenario 2 — B Agent: Cursor Prompt: “Replace the 3 brittle selectors in Main.xaml with stable Strict selectors, remove dynamic IDs, and store reusable UI elements in the Object Repository following UiPath best practices.” Scenario 3 — B Agent: Codex Prompt: “Verify whether UiPath skills were correctly attached to the coding agent during uip skills install and confirm the agent was selected using spacebar before installation.” Scenario 4 — B Agent: Claude Code Prompt: “Modernize this legacy UiPath project incrementally: first migrate hardcoded credentials to Orchestrator Credential Assets, then introduce Config.xlsx, add Try/Catch with proper logging, stabilize selectors using Object Repository, and finally prepare the framework for Maestro orchestration.”",600,0,0,1,0,1,0,1,1,1,0,0,1,5
uipath_forum,"""SAP S/4HANA"" ""UiPath""",5748191,2192068,https://forum.uipath.com/t/community-scenario-challenge-what-would-you-do-with-uipath-for-coding-agents/5748191/6,🎮 Community Scenario Challenge: What would you do with UiPath for Coding Agents?,2026-05-24T17:43:32.180Z,e8ed93e2bf6b3916,1,669,,"Scenario 1 - The 3 am faulted job Option C - Paste the full log file into the chat so the agent doesn’t have to fetch anything. Agent Used: Claude Code Prompt: “Here are the full logs for the failing invoice-processing job, along with logs from yesterday’s successful execution. Compare both runs and identify the exact point where the failure starts occurring. Also, estimate whether this issue can realistically be fixed within the next 30 minutes. If not, recommend whether we should roll back to the previous stable deployment.” Scenario 2 - The haunted selector Option B - Replace the 3 brittle selectors in Main.xaml with a Strict selector for each target and store them in the Object Repository. Agent Used: Cursor Prompt: “There’s a selector issue in Main.xaml causing the automation to fail. The failing activity is: ‘Errored_Activity_Name’. Below are the expected selectors captured from previous successful runs/logs. Replace the brittle selectors with reliable Strict selectors and add them properly into the Object Repository following UiPath best practices.” Scenario 3 - Skills install gone sideways Option B - During uip skills install , they didn’t select their agent from the list using the spacebar before pressing Enter. Agent Used: Codex Prompt: “Verify whether the UiPath Skills package was correctly attached to the coding agent during uip skills install . Specifically, confirm whether the target agent was selected using the spacebar before installation completed. If the agent was not attached correctly, clean up the existing installation and guide me through reinstalling and properly attaching the skills package.” Scenario 4 - The legacy project rescue Option B - Break it into steps — credentials to Credential Store first, then Config.xlsx, then Try/Catch wrappers, then selectors, then Maestro migration — one prompt at a time. Agent Used: Claude Code Prompt Sequence: Analyze the current UiPath project structure and provide a high-level outline of the workflows, business logic, and reusable components. Identify all locations where credentials or sensitive values are hardcoded and suggest migration to Orchestrator Assets/Credential Store. Extract all hardcoded configurable values into Config.xlsx or config files following REFramework best practices. Review the workflows and wrap critical business transactions and application interactions with proper Try/Catch handling and logging. Analyze all selectors used in the project, identify unstable/dynamic selectors, and replace them with reliable selectors using Object Repository wherever applicable. Review the project for Maestro compatibility and recommend the required migration/refactoring steps. If execution logs are available, compare successful vs failed runs to identify unstable activities, selectors, or retry-prone sections before refactoring. In production support scenarios, I’ve found that giving the agent both successful and failed execution logs dramatically improves root-cause analysis speed. It also helps determine quickly whether the issue is worth hotfixing immediately or if rollback is the safer operational decision. Cheers!",468,0,0,1,0,1,0,1,1,1,0,0,1,5
uipath_forum,"""SAP S/4HANA"" ""UiPath""",5748191,2192150,https://forum.uipath.com/t/community-scenario-challenge-what-would-you-do-with-uipath-for-coding-agents/5748191/7,🎮 Community Scenario Challenge: What would you do with UiPath for Coding Agents?,2026-05-25T05:27:17.524Z,8ccf8b9fecf75499,1,669,,"Scenario 1 — B Using: Claude Code I immediately give the agent more context instead of waiting on a generic answer — things like the Job ID, process name, folder , environment, and the last successful run. That usually helps narrow down whether the issue came from a deployment change, config update, expired credential, queue issue, or selector break. Prompt Why is the invoice-processing job failing? Here are the Job ID, process name, folder, latest Orchestrator exception, and the timestamp of the last successful execution. Compare the failed runs with the last successful one, identify the likely root cause, and suggest the safest fix along with validation steps before redeployment. Scenario 2 — B Using: Cursor Prompt: Review Main.xaml and replace the 3 selectors using dynamic IDs with stable Strict selectors. Move them into the Object Repository, remove unreliable attributes, keep the workflow behavior unchanged, and explain the changes made for long-term stability. Scenario 3 — B Using: Codex Prompt: Check whether UiPath skills are properly connected to my coding agent. Verify installed integrations, active skills, and identify any missed setup steps during installation. Scenario 4 — B Using: Claude Code My approach would be: Move hardcoded credentials to Credential Store Externalize configs into Config.xlsx Add proper Try/Catch and logging Refactor unstable selectors Then prepare the project for Maestro Prompt : Analyze this legacy UiPath project and create a step-by-step modernization plan for Maestro readiness. Start with security and configuration cleanup, then improve exception handling and selectors while keeping the existing business logic intact. Include validation checks after each phase.",260,0,0,1,0,1,0,1,1,1,0,0,1,5
uipath_forum,"""SAP S/4HANA"" ""UiPath""",5748191,2192712,https://forum.uipath.com/t/community-scenario-challenge-what-would-you-do-with-uipath-for-coding-agents/5748191/8,🎮 Community Scenario Challenge: What would you do with UiPath for Coding Agents?,2026-05-26T20:05:35.065Z,e99096bfcd6c428f,1,669,,"Scenario 1 — B Agent: Claude Code + Codex Prompt: “Act as my UiPath incident commander. For process invoice-processing , folder <folder> , job ID <job-id> , compare the last successful run with the first faulted run. Check logs, queue items, assets, package version, robot machine, credentials, and external app errors. Return: most likely root cause, confidence level, evidence, immediate mitigation, and rollback option. Do not change anything yet.” Scenario 2 — B Agent: Claude Code + Codex Prompt: “Scan Main.xaml for selectors that depend on dynamic IDs, indexes, window titles, or unstable attributes. Rank them by failure risk. For the top 3, replace them with Strict selectors, move them into Object Repository, and explain which stable attributes were chosen and why. Keep the change minimal and reviewable.” Scenario 3 — B Agent: Claude Code + Codex Prompt: “Before we troubleshoot my project, run a self-check: confirm whether UiPath skills are installed for this coding agent, list which UiPath conventions you know, and tell me what command or config proves the skill is active.” Scenario 4 — B Agent: Claude Code + Codex Prompt: “Create a modernization backlog for this legacy UiPath project. Do not rewrite yet. Group work into safe phases: secrets, config, exception handling, logging, selectors/Object Repository, test cases, and Maestro readiness. For each phase, provide risk, files touched, validation steps, and rollback strategy.” My approach: prompt → evidence → tiny patch → second-agent review → test → commit . That’s how I’d make UiPath coding agents fast enough for incidents, but controlled enough for enterprise automation.",250,0,0,1,0,0,0,0,1,1,0,1,1,4
uipath_forum,"""SAP S/4HANA"" ""UiPath""",5748191,2193094,https://forum.uipath.com/t/community-scenario-challenge-what-would-you-do-with-uipath-for-coding-agents/5748191/9,🎮 Community Scenario Challenge: What would you do with UiPath for Coding Agents?,2026-05-28T07:19:03.799Z,096a579b0efa3d84,1,669,,"Scenario 1 — The 3 am faulted job (Troubleshoot) Answer - B Agent - Claude Code Prompt - “Job is failing every 30 mins since 2am. Job ID: 847362 Process: Invoice-Processing Folder: Finance-Prod Analyze likely root cause, check recent changes, and suggest fastest fix.” Scenario 2 — The haunted selector (Build) Answer - B Agent - Codex Prompt - “In Main.xaml, replace the 3 selectors that rely on dynamic IDs with stable Strict selectors. Store each UI element in the Object Repository and update usages accordingly. Ensure selectors are resilient across app updates.” Scenario 3 — Skills install gone sideways (Setup) Answer - B (Likely issue would you installed the skills for one agents and trying to access with another) Agent - Gemini CLI Prompt - “uip skills install completed but UiPath conventions aren’t recognized. Verify if my agent was properly selected during install and how to reconfigure skills binding.” Scenario 4 — The legacy project rescue (Refactor) Answer - B Agent - Claude Code Prompt - Step 1: Refactor project to move all hardcoded credentials into UiPath Credential Store and make use for /uipath-platform for better context. Step 2: Externalize constants into Config.xlsx using best practices. Step 3: Wrap workflows with proper Try/Catch and logging from /uipath-rpa . Step 4: Fix selectors using modern UiPath patterns. Step 5: Prepare for Maestro compatibility and deployment structure using BPMN structure and components using /uipath-maestro-bpmn .",226,0,0,1,0,1,0,1,0,1,0,0,1,4
uipath_forum,"""SAP S/4HANA"" ""UiPath""",5748191,2194158,https://forum.uipath.com/t/community-scenario-challenge-what-would-you-do-with-uipath-for-coding-agents/5748191/10,🎮 Community Scenario Challenge: What would you do with UiPath for Coding Agents?,2026-06-01T08:22:59.669Z,9693b3128c091ae9,1,669,,"Scenario 1 - B Agent: Claude Code Prompt: “Investigate why InvoiceProcessing is failing. Job ID:12345 . Process: InvoiceProcessing. Folder: FinanceProd. Check recent failures, logs, and possible deployment changes” Scenario 2 -B Agent: Cursor Prompt: “Replace the 3 brittle selectors in Main.xaml with a Strict selector for each target and store them in the Object Repository” Scenario 3-B Agent : Codex Scenario 4 -B Agent: Claude Code Prompt: “Move hardcoded credentials to Credential Store first. After validation, help migrate configuration to Config.xlsx, then add proper exception handling, improve selectors, and finally prepare the project for Maestro”",96,0,0,1,0,1,0,1,0,1,0,0,1,4
uipath_forum,"""SAP S/4HANA"" ""UiPath""",5748191,2194197,https://forum.uipath.com/t/community-scenario-challenge-what-would-you-do-with-uipath-for-coding-agents/5748191/11,🎮 Community Scenario Challenge: What would you do with UiPath for Coding Agents?,2026-06-01T10:10:53.173Z,187d11d50252845d,1,669,,"Here’s how I’d handle them. Scenario 1 — The 3am faulted job Answer: B | Agent: Claude Code Nobody thinks clearly at 3am. That’s exactly why you don’t want to have a conversation with your agent — you want to hand it a briefing. Prompt: “Job faulting every 30 mins since 2am. Job ID: 847362. Process: Invoice-Processing. Folder: Accounts-Payable. Give me 3 things: most likely root cause, any recent deployment changes, and the immediate fix command. Fastest action first — theory later. Also confirm whether the previous run committed any partial state — a fix that triggers a re-run on dirty data is worse than the original fault.” Compare this to the vague version: “Why is the job failing?” — the agent will just ask you for the IDs you should’ve included anyway. Two wasted round trips at 3am. The “fastest action first, theory later” line is doing real work here. Without it, agents default to being thorough. At 3am you need fast, not thorough. Scenario 2 — The haunted selector Answer: B | Agent: Claude Code The scary thing about dynamic ID selectors isn’t that they break — it’s that they break silently , in production, after someone updates the app. By the time you find out, the damage is done. Prompt: “In Main.xaml, locate the 3 brittle selectors using dynamic IDs. Generate stable strict UI tags using reliable attributes like ‘aaname’ or ‘automationid’. Store each element in the Object Repository and sync all usages across the project.” This needs an agent that can hold the whole project in context and edit across files in one pass — that’s where Claude Code pulls ahead. Scenario 3 — Skills install gone sideways Answer: B | Agent: Gemini CLI This one catches everyone the first time. You follow every step in the docs, the install says success, and then your agent looks at you blankly like it’s never heard of UiPath. The culprit? You didn’t press spacebar to actually select your agent before hitting Enter. The checkbox stays empty. The skills bind to nothing. Worth knowing why: UiPath skills are scoped per-agent — MCP-style tool definitions tied to a specific coding agent. Installing under Claude Code won’t help Gemini CLI, and vice versa. It’s not a global install. Prompt: “I ran uip skills install successfully but my agent still doesn’t recognize any UiPath conventions. Diagnose whether the correct agent was actually selected during install — spacebar to select before Enter, not just Enter alone — and walk me through reconfiguring the skills binding from scratch.” This scenario should genuinely come with a warning label in the docs. Scenario 4 — The legacy project rescue Answer: B | Agent: Claude Code Inheriting a legacy RPA project is like being handed a house where the previous owner did all their own wiring — and left no notes. You don’t renovate it in one go. You go room by room. Prompt: ""This is a phased migration — do NOT attempt everything at once. Phase 1: Use /uipath-platform to map project scope, then migrate all hardcoded credentials to the UiPath Credential Store. Phase 2: Externalize all config values to Config.xlsx following enterprise best practices. Phase 3: Wrap workflows in Try/Catch with proper logging using /uipath-rpa . Phase 4: Replace dead selectors with Strict selectors mapped to the Object Repository. Phase 5: Re-architect the execution flow for Maestro BPMN compatibility using /uipath-maestro-bpmn . Pause and present code diffs for my validation after each phase. Do not proceed without explicit approval."" The order matters and here’s why: credentials go first because they’re the security blast radius — everything downstream is cleaner once they’re out. Maestro goes last because it depends on everything else already being solid. Starting anywhere else creates rework. That last line — “do not proceed without explicit approval” — is what separates a controlled migration from a mess you can’t unpick. On legacy work, keep the human in the loop. Always. The insight that ties all 4 together: Everyone talks about which agent to use. The real skill is learning how to think in prompts. A junior developer asks: “Why is this broken?” A senior developer asks: “Given this Job ID, process name, folder, and the fact it worked yesterday — what changed between 11pm and 2am, and what’s the immediate fix — and did the last run leave any dirty state?” Your coding agent is only as senior as your prompt makes it.",745,0,0,1,0,1,0,1,0,1,0,0,1,4
uipath_forum,"""SAP S/4HANA"" ""UiPath""",5748191,2196567,https://forum.uipath.com/t/community-scenario-challenge-what-would-you-do-with-uipath-for-coding-agents/5748191/12,🎮 Community Scenario Challenge: What would you do with UiPath for Coding Agents?,2026-06-09T11:23:46.497Z,20473a72b1742376,1,669,,"Scenario 1 — The 3am Faulted Job Answer: B Agent: Gemini CLI Prompt typed: “Job ID 7741, InvoiceCapture_PROD, Finance folder, SAP S/4HANA tenant. Faulting every 30 min since 2am. Pull last 8 error logs, find exact first failure point, compare against last successful run at 11pm.” How it actually went: Our plant runs a vendor invoice capture bot that pulls scanned PDFs from a shared drive, extracts line items via Document Understanding, and pushes validated entries into SAP. At 2:17am got 11 consecutive fault alerts. Opened terminal, gave Gemini CLI the job ID, folder, and tenant. It pulled Orchestrator logs and immediately flagged that the shared drive path had changed — IT had migrated the invoice landing folder to a new server during a scheduled maintenance window nobody told the automation team about. Bot was hitting a broken UNC path on every single run. Two-line config fix in Config.xlsx, redeployed by 3:40am. Morning finance team never knew it happened. Sending just the one-liner would have gotten generic “check your credentials” advice — useless when the real issue was a silent infrastructure change. Scenario 2 — The Haunted Selector Answer: B Agent: Codex Prompt typed: “Main.xaml has 3 selectors targeting the warehouse dispatch screen in our WMS application. All use dynamic idx= and aaname= attributes that break every time WMS updates. Replace each with a Strict selector using stable Title, ControlType, and AutomationId attributes. Register all 3 in Object Repository under a screen asset called WarehouseDispatchScreen. Do not touch any other activity.” How it actually went: Running a dispatch automation at a logistics warehouse — bot reads outbound shipment orders from WMS, validates quantities, and prints dispatch labels. WMS vendor pushed a UI refresh without notice and every selector broke overnight. Three shifts of manual dispatch processing while we scrambled. Ran this prompt on Main.xaml with Codex. It identified that aaname= was pulling a dynamically generated session token as part of the attribute string — something we had never noticed. Replaced all three with ControlType plus AutomationId combinations, registered cleanly in Object Repository. Next two WMS updates after that — zero breakage, zero manual intervention. Dispatcher team stopped dreading update nights entirely. Scenario 3 — Skills Install Gone Sideways Answer: B Agent: Cursor Prompt typed: “Ran npm install -g UiPath/cli and uip skills install with no errors but Cursor has zero UiPath knowledge — no REFramework, no Orchestrator, no activity awareness. What did I most likely miss and how do I verify skills registered correctly?” How it actually went: Onboarding a new RPA developer at our facility who had strong Python background but was new to UiPath tooling. He set up the CLI on his laptop, ran the installer, got a clean success message, and opened Cursor expecting UiPath-aware suggestions. Nothing. Asked him to walk me through every step he took. Everything was correct until the uip skills install screen — he saw the agent list, used arrow keys to navigate to Cursor, assumed that highlighted it, and pressed enter. Never pressed spacebar to actually select it. Installer treated it as no selection and completed silently. Reran with spacebar selection, skills loaded in 40 seconds. He went from zero UiPath context to Cursor suggesting REFramework patterns and Orchestrator queue activities correctly on the very next prompt. Now our onboarding doc has a bold warning on that exact step with a terminal screenshot. Took help from an LLM. Scenario 4 — The Legacy Project Rescue Answer: B Agent: Claude Code Prompt sequence typed: Prompt 1: “Scan entire project. List every hardcoded credential, DB connection string, SMTP password, and API key — file name, line number, variable name only. Do nothing else.” Prompt 2: “Replace every item from that list with Orchestrator Credential Store lookups using Get Secure Credential activity. Touch absolutely nothing else in the project.” Prompt 3: “Create Config.xlsx using REFramework standard structure — Settings, Assets, Constants sheets. Migrate every hardcoded file path, environment variable, and config value into it. Wire the project to load Config.xlsx on initialization.” Prompt 4: “Wrap every major workflow sequence in Try/Catch. BusinessRuleException for data validation failures, SystemException for all else. Add UiPath standard logging at sequence entry, exit, and inside every catch block.” Prompt 5: “Audit every selector across all XAML files. Flag any using dynamic attributes. Replace with Strict selectors on stable properties. Register in Object Repository with descriptive screen asset names.” Prompt 6: “Project is now refactored. Migrate to Maestro — add required entry points, implement context passing between workflows, wire queue handling and job arguments correctly.” How it actually went: Inherited a 6-year-old batch manufacturing reconciliation bot — it matched production batch records from the MES against quality inspection reports and flagged discrepancies for the QA team. Built by a contractor who had long left, zero documentation, SMTP credentials hardcoded in plain XAML, no error handling anywhere, and selectors built against a legacy quality management interface that had been replaced twice. Management wanted it running on Maestro within one sprint. First attempt used one big prompt — Claude Code got through credentials and Config.xlsx fine then started restructuring workflows mid-refactor, broke activity dependencies, and the project stopped compiling at 60%. Rolled back completely and restarted with sequential prompts, one concern per prompt, explicit instruction each time to touch nothing outside scope. Finished in one working day. Passed UAT on first run in staging. QA team had a fully modernized bot on Maestro before the sprint ended — something nobody believed was possible given the state it started in. Happy Automation with UiPath",920,1,0,1,0,1,1,1,1,1,1,0,1,7
uipath_forum,"""SAP S/4HANA"" ""UiPath""",5748191,2198342,https://forum.uipath.com/t/community-scenario-challenge-what-would-you-do-with-uipath-for-coding-agents/5748191/13,🎮 Community Scenario Challenge: What would you do with UiPath for Coding Agents?,2026-06-15T14:32:06.732Z,e8ed93e2bf6b3916,1,669,,Were the winners announced? I couldn’t find any links or reply,12,0,0,1,0,0,0,0,0,0,0,0,0,0
uipath_forum,"""SAP S/4HANA"" ""UiPath""",5748191,2198510,https://forum.uipath.com/t/community-scenario-challenge-what-would-you-do-with-uipath-for-coding-agents/5748191/14,🎮 Community Scenario Challenge: What would you do with UiPath for Coding Agents?,2026-06-16T06:14:45.320Z,497119d6cebbfa13,1,669,,"Thank you to everyone who participated in our “What would you do with UiPath for Coding Agents?” scenario challenge. We loved seeing the creativity, practical use cases, and thoughtful discussions from across the community. This challenge was decided by community engagement, and the most-loved submission goes to @Aditi_Indoriya , our challenge winner! Thank you again to everyone who shared their ideas and voted on their favorite submissions. Your contributions help make our community stronger and inspire new possibilities for agentic development. Stay tuned for more challenges, discussions, and opportunities to showcase your creativity and expertise.",95,0,0,1,0,0,0,0,0,0,0,0,0,0
uipath_forum,"""SAP S/4HANA"" ""UiPath""",287981,887344,https://forum.uipath.com/t/uipath-supports-sap-wingui-7-70-uipath/287981/1,UiPath Supports SAP ® WinGUI 7.70 | UiPath,2021-02-02T18:07:11.593Z,bbc5e661e106c6dc,0,1737,,"HI Community People Last week, SAP released the latest version of SAP WinGUI, 7.70. UiPath is proud to fully support SAP WinGUI 7.70 and all of its latest features. SAP customers who wish to create automations will benefit from seamless integration and support of all automation capabilities of the latest as well as previous versions of SAP WinGUI, such as SAP WinGUI 7.40, 7.50, and 7.60 (any patch level). UiPath customers are leveraging our automations on top of SAP S/4HANA® or SAP ECC® to accelerate their business processes. In addition, customers are using RPA and UiPath Test Suite during their migrations from SAP ECC to SAP S/4HANA. About SAP WinGUI and SAP automation SAP GUI for Windows is SAP´s Windows-based client for accessing classical SAP applications such as SAP S/4HANA, SAP ECC, and other SAP products. Enabling SAP WinGUI API scripting allows customers to create reliable and stable automations. UiPath supports the following versions of SAP WinGUI for Windows 7 and Windows 10, for both architecture types (32-bit and 64-bit) and for both logon tools SAP Logon and SAP Logon Pad. SAP WinGUI 7.70 (newcomer to the SAP WinGUI family) SAP WinGUI 7.60 SAP WinGUI 7.50 SAP WinGUI 7.40 Highlights of SAP WinGUI 7.70 From the user’s perspective, SAP WinGUI 7.70 comes with the following top three highlights: New visual themes ""Quartz” : the feature set of Quartz is very similar to Belize, the latest theme before Quartz. SAP Quartz allows for an additional option of a dark theme for users who prefer a dark background. Quartz becomes the new default theme. UiPath automations will continue to run smoothly even if you have built your process or test case on any previous SAP theme, such as Belize or the even earlier Blue Crystal. image 1510×1042 54.2 KB Alternative browser control (Microsoft Edge, based on Chromium) : in prior versions, the SAP GUI HTML Control used the Microsoft Internet Explorer Control for hosting HTML content such as a document or web page. Internet Explorer was the single option and the default browser. With the new version of SAP WinGUI, customers can also use Edge (Chromium) web rendering controls. UiPath can handle both web control types equally well and support customers on their SAP automation journeys. SAP WinGUI 770 Edge Chromium Support 1121×902 67.8 KB Multi-monitor scaling support : In prior versions, SAP GUI only used the settings of the primary monitor for scaling. Ensuring multi-monitor scaling capabilities is a very complex topic. With SAP WinGUI 7.70, multi-monitor scaling can be activated for Belize and newer themes. Many RPA and test automation vendors face a similar problem. Often, automations depend on the screen resolution settings from the recorded session. This is a strong limitation for customers as it requires tedious monitoring and handling of settings. UiPath is proud to be independent from screen resolution settings, giving customers full flexibility in their automations both for RPA and testing. SAP WinGUI 770 Multi-Monitor scaling support 1121×901 64.4 KB Best regards, Lev",524,1,0,1,1,1,1,0,0,1,0,0,0,3
uipath_forum,"""SAP S/4HANA"" ""UiPath""",287981,887600,https://forum.uipath.com/t/uipath-supports-sap-wingui-7-70-uipath/287981/2,UiPath Supports SAP ® WinGUI 7.70 | UiPath,2021-02-03T05:59:02.356Z,02200b2602e0a20b,0,1737,,Excellent @LevKushnir,2,0,0,1,0,0,0,0,0,0,0,0,0,0
uipath_forum,"""SAP S/4HANA"" ""UiPath""",329760,990268,https://forum.uipath.com/t/how-sap-customers-can-become-fully-automated-enterprises/329760/1,How SAP® Customers Can Become Fully Automated Enterprises,2021-07-14T18:16:56.042Z,bbc5e661e106c6dc,0,563,,"A couple of months ago, Diego Lomanto, our Vice President (VP) of Product Marketing, published two great articles about the fully automated enterprise™. For those who haven't had a chance to read the articles yet, a fully automated enterprise ""is a company that is using automation to its fullest potential."" ""A fully automated enterprise takes a proactive approach to automation, and a traditional enterprise takes a reactive one. A fully automated enterprise thinks ‘automation first’ and applies automation where it makes the most sense and can have the greatest impact."" -Diego Lomanto, VP of Product Marketing, UiPath Today, I’d like to take a closer look at what that means for SAP customers. When automating on top of the SAP technology stack, I recommend three considerations that will accelerate your journey in becoming a fully automated enterprise: Make multi-application automations simple Reduce the amount of necessary SAP expert work Create synergies between SAP business process automations and SAP testing Make multi-application automations simple Enterprise resource planning (ERP) systems by SAP have been around for over four decades. So, many people assume that whatever can be automated within SAP S/4HANA itself, has most certainly already been automated by SAP. So, where is the potential for robotic process automation (RPA) and automation on top of SAP? Even though we tend to think of SAP as an encapsulated system, this does not reflect typical business processes. They typically start or end outside of SAP, and in many cases even outside of your own enterprise. So, in order to automate all automatable work, look at what happens when your workflow enters or leaves the SAP system. Does the workflow gap between different systems slow down your complete business process? Is your process lifecycle dependent on the performance of one person handling data entries, reports, and analyses? Or is there a way to guarantee the time span and the accuracy of your data transfers? Breaking down your application silos is especially relevant when looking at processes that span multiple platforms, for example a customer relationship management (CRM) system like Salesforce, a ticketing system like Jira or ServiceNow, and updates to communication channels like Slack or Microsoft Teams and outgoing emails. In these cases, it is important for SAP customers to have a choice between user interface (UI) automations with robots that will mimic a typical end user workflow and API automations that integrate through native integrations to ensure the best performance for high-volume automations. By equipping RPA with API automation capabilities, we eliminate unnatural borders between enterprise applications. As a result, you are another leap closer to automating everything that is automatable and reducing back-office work to an absolute minimum. Being able to deploy out-of-the-box API integrations also reduces the development efforts needed to scale your automations as the technical hurdles to create new software robots are drastically reduced. UiPath offers rich integrations (free of charge) for your core applications on UiPath Marketplace to simplify automations. Our activity packs for native integrations are also directly accessible to customers in UiPath Studio via our official feed. Combining API integrations with the world-class UI automation capabilities means UiPath customers have a choice to pick the best approach for their business use cases and technology-specific challenges. Limit the amount of necessary expert work If you have been a long-term customer of SAP ECC or SAP S/4HANA you can probably tell us a thing or two about the scarcity of SAP experts in the job market, such as ABAP developers. So, whatever helps to make robot integration simpler and more user friendly for non-experts will help you automate faster . And when you make integrations simpler, you become more agile in your RPA development because you don’t need to rely on very specialized experts. Your automation center of excellence (CoE) can handle complex workflows with little to no help on the SAP side. To turn this into a reality for our SAP customers, we have created accelerators for SAP ECC and SAP S/4HANA. The accelerators contain over 200 ready-to-go workflows for the most used transactions and applications in SAP ECC and SAP S/4HANA. The accelerators can be downloaded directly from UiPath Marketplace . They are built for both SAP WinGUI automation as well as via SAP BAPI to ensure the highest flexibility and robustness. The following UiPath accelerators are currently available: For SAP S/4HANA For SAP ECC Accelerator for SAP S/4HANA for Basis Administration Accelerator for SAP ECC for Basis Administration Accelerator for SAP S/4HANA for Sales Accelerator for SAP ECC for Sales Accelerator for SAP S/4HANA for Finance Accelerator for SAP ECC for Finance Accelerator for SAP S/4HANA for Procurement Accelerator for SAP ECC for Procurement UiPath Accelerator for SAP S/4HANA for Manufacturing UiPath Accelerator for SAP ECC for Manufacturing UiPath Foundation pack for Accelerators for SAP S/4HANA UiPath Foundation pack for Accelerators for SAP ECC Let's take a look at some common examples where you can put these UiPath SAP accelerators to work. 1. Sample use case: sales order processing Many UiPath customers use the activities in our Accelerator for SAP S/4HANA for Sales in combination with the UiPath Salesforce connector to automate the sales order creation process end to end. When an opportunity in Salesforce has been marked as “closed won,” the UiPath Salesforce connector kicks off the robot. The robot then enters the customer and sales order data in SAP and books the new sales order. Additional steps such as preparing for the delivery or notifying other internal teams can also be included as part of the automated workflow. Sales employees can use the time gained to take even better care of their customers or pursue additional sales opportunities. In addition to activities for creating or changing sales orders, the Accelerator for SAP S/4HANA for Sales contains activities for creating new customer information, business partner information, billing documents, deliveries, and many more. Using these out-of-the-box automations in our accelerators will help your RPA developers deeply integrate with SAP both on UI and BAPI levels without having to consult SAP specialists. Dive deeper: RPA for SAP Solutions: Now Your Sales Team Can Focus on Selling 2. Sample use case: SAP testing To become a fully automated enterprise , let’s not forget the large field of automated SAP testing. Testing typically costs enterprises a lot of resources, from building test cases to continuously testing business processes but also existing automations after an SAP update. UiPath provides a full test suite that helps companies continuously automate and scale testing. Use our accelerators to create huge volumes of test data for all your test cases. You can also quickly update small pieces of information by using the accelerators to change specific parts of SAP business documents and test different variants of your test cases. 3. Sample use case: SAP administration in an onboarding process The employee onboarding process is an example of a very tedious, long running, and typically manual process. In this example, the IT department needs to perform several tasks with a variety of different aspects depending on the role, level, or status (permanent vs. non-permanent, full-time employee vs. contractor) of the new employee. Our Accelerator for SAP S/4HANA for Basis Administration contains activities to automatically create new users in SAP or change user-role assignments. Robots can take over the majority of these tedious tasks, enabling the IT department to focus on adding more meaningful value and engage with internal customers. Create synergies between SAP process automation and SAP testing Did you know that RPA and test automation are actually siblings? The don’t look alike and they have quite different life purposes, but they are from the same ‘breed’ and they work side by side as a wonderful team when it comes to all your automation needs. Few vendors are experts for both process automation as well as test automation, but there are huge savings hidden in reusing your already-created test cases in a similar way for process automation and vice versa. When carving out your strategy for automating your business processes , make sure to leverage the synergies from combining both your process automation and your testing strategies. Using the same platform for both testing and RPA will help you to cut down on maintenance and boost testing efficiency. So, when creating your RPA strategy on top of SAP, ask yourself the following three questions: Have we considered the end-to-end business process, both within and outside of SAP systems? (Compare your list of core applications with these native integrations ) Are we reducing expert work by leveraging pre-built components? (As a start, check out our accelerators ) Are we leveraging synergies between RPA and testing? (If you need more information on testing, download the playbook “Continuous Automation, Continuous Testing” ) This is a companion discussion topic for the original entry at https://www.uipath.com/blog/automation/sap-customers-fully-automated-enterprise",1511,1,0,1,0,0,1,1,1,1,1,1,0,6
uipath_forum,"""SAP S/4HANA"" ""UiPath""",297121,909398,https://forum.uipath.com/t/sap-customers-how-to-become-a-fully-automated-enterprise-uipath/297121/1,SAP Customers - How To Become A Fully Automated Enterprise | UiPath,2021-03-10T12:59:30.190Z,bbc5e661e106c6dc,0,717,,"A couple of months ago, Diego Lomanto, our Vice President (VP) of Product Marketing, published two great articles about the fully automated enterprise™. For those who haven't had a chance to read the articles yet, a fully automated enterprise ""is a company that is using automation to its fullest potential."" ""A fully automated enterprise takes a proactive approach to automation, and a traditional enterprise takes a reactive one. A fully automated enterprise thinks ‘automation first’ and applies automation where it makes the most sense and can have the greatest impact."" -Diego Lomanto, VP of Product Marketing, UiPath Today, I’d like to take a closer look at what that means for SAP customers. When automating on top of the SAP technology stack, I recommend three considerations that will accelerate your journey in becoming a fully automated enterprise: Make multi-application automations simple Reduce the amount of necessary SAP expert work Create synergies between SAP business process automations and SAP testing Make multi-application automations simple Enterprise resource planning (ERP) systems by SAP have been around for over four decades. So, many people assume that whatever can be automated within SAP S/4HANA itself, has most certainly already been automated by SAP. So, where is the potential for robotic process automation (RPA) and automation on top of SAP? Even though we tend to think of SAP as an encapsulated system, this does not reflect typical business processes. They typically start or end outside of SAP, and in many cases even outside of your own enterprise. So, in order to automate all automatable work , look at what happens when your workflow enters or leaves the SAP system. Does the workflow gap between different systems slow down your complete business process? Is your process lifecycle dependent on the performance of one person handling data entries, reports, and analyses? Or is there a way to guarantee the time span and the accuracy of your data transfers? Breaking down your application silos is especially relevant when looking at processes that span multiple platforms, for example a customer relationship management (CRM) system like Salesforce, a ticketing system like Jira or ServiceNow, and updates to communication channels like Slack or Microsoft Teams and outgoing emails. In these cases, it is important for SAP customers to have a choice between user interface (UI) automations with robots that will mimic a typical end user workflow and API automations that integrate through native integrations to ensure the best performance for high-volume automations. By equipping RPA with API automation capabilities, we eliminate unnatural borders between enterprise applications. As a result, you are another leap closer to automating everything that is automatable and reducing back-office work to an absolute minimum. Being able to deploy out-of-the-box API integrations also reduces the development efforts needed to scale your automations as the technical hurdles to create new software robots are drastically reduced. UiPath offers rich integrations (free of charge) for your core applications on UiPath Marketplace to simplify automations. Our activity packs for native integrations are also directly accessible to customers in UiPath Studio via our official feed. Combining API integrations with the world-class UI automation capabilities means UiPath customers have a choice to pick the best approach for their business use cases and technology-specific challenges. Limit the amount of necessary expert work If you have been a long-term customer of SAP ECC or SAP S/4HANA you can probably tell us a thing or two about the scarcity of SAP experts in the job market, such as ABAP developers. So, whatever helps to make robot integration simpler and more user friendly for non-experts will help you automate faster . And when you make integrations simpler, you become more agile in your RPA development because you don’t need to rely on very specialized experts. Your automation center of excellence (CoE) can handle complex workflows with little to no help on the SAP side. To turn this into a reality for our SAP customers, we have created accelerators for SAP ECC and SAP S/4HANA. The accelerators contain over 200 ready-to-go workflows for the most used transactions and applications in SAP ECC and SAP S/4HANA. The accelerators can be downloaded directly from UiPath Marketplace . They are built for both SAP WinGUI automation as well as via SAP BAPI to ensure the highest flexibility and robustness. The following UiPath accelerators are currently available: For SAP S/4HANA For SAP ECC Accelerator for SAP S/4HANA for Basis Administration Accelerator for SAP ECC for Basis Administration Accelerator for SAP S/4HANA for Sales Accelerator for SAP ECC for Sales Accelerator for SAP S/4HANA for Finance Accelerator for SAP ECC for Finance Accelerator for SAP S/4HANA for Procurement Accelerator for SAP ECC for Procurement UiPath Accelerator for SAP S/4HANA for Manufacturing UiPath Accelerator for SAP ECC for Manufacturing UiPath Foundation pack for Accelerators for SAP S/4HANA UiPath Foundation pack for Accelerators for SAP ECC Let's take a look at some common examples where you can put these UiPath SAP accelerators to work. 1. Sample use case: sales order processing Many UiPath customers use the activities in our Accelerator for SAP S/4HANA for Sales in combination with the UiPath Salesforce connector to automate the sales order creation process end to end. When an opportunity in Salesforce has been marked as “closed won,” the UiPath Salesforce connector kicks off the robot. The robot then enters the customer and sales order data in SAP and books the new sales order. Additional steps such as preparing for the delivery or notifying other internal teams can also be included as part of the automated workflow. Sales employees can use the time gained to take even better care of their customers or pursue additional sales opportunities. In addition to activities for creating or changing sales orders, the Accelerator for SAP S/4HANA for Sales contains activities for creating new customer information, business partner information, billing documents, deliveries, and many more. Using these out-of-the-box automations in our accelerators will help your RPA developers deeply integrate with SAP both on UI and BAPI levels without having to consult SAP specialists. Dive deeper: RPA for SAP Solutions: Now Your Sales Team Can Focus on Selling 2. Sample use case: SAP testing To become a fully automated enterprise , let’s not forget the large field of automated SAP testing. Testing typically costs enterprises a lot of resources, from building test cases to continuously testing business processes but also existing automations after an SAP update. UiPath provides a full test suite that helps companies continuously automate and scale testing. Use our accelerators to create huge volumes of test data for all your test cases. You can also quickly update small pieces of information by using the accelerators to change specific parts of SAP business documents and test different variants of your test cases. 3. Sample use case: SAP administration in an onboarding process The employee onboarding process is an example of a very tedious, long running, and typically manual process. In this example, the IT department needs to perform several tasks with a variety of different aspects depending on the role, level, or status (permanent vs. non-permanent, full-time employee vs. contractor) of the new employee. Our Accelerator for SAP S/4HANA for Basis Administration contains activities to automatically create new users in SAP or change user-role assignments. Robots can take over the majority of these tedious tasks, enabling the IT department to focus on adding more meaningful value and engage with internal customers. Create synergies between SAP process automation and SAP testing Did you know that RPA and test automation are actually siblings? The don’t look alike and they have quite different life purposes, but they are from the same ‘breed’ and they work side by side as a wonderful team when it comes to all your automation needs. Few vendors are experts for both process automation as well as test automation, but there are huge savings hidden in reusing your already-created test cases in a similar way for process automation and vice versa. When carving out your strategy for automating your business processes , make sure to leverage the synergies from combining both your process automation and your testing strategies. Using the same platform for both testing and RPA will help you to cut down on maintenance and boost testing efficiency. So, when creating your RPA strategy on top of SAP, ask yourself the following three questions: Have we considered the end-to-end business process, both within and outside of SAP systems? (Compare your list of core applications with these native integrations ) Are we reducing expert work by leveraging pre-built components? (As a start, check out our accelerators ) Are we leveraging synergies between RPA and testing? (If you need more information on testing, download the playbook “Continuous Automation, Continuous Testing” ) ![|1x1](upload://wetq1fnzALLIDF4fQJFcNqcDEcT.gif) This is a companion discussion topic for the original entry at http://www.uipath.com/blog/sap-customers-fully-automated-enterprise",1514,1,0,1,0,0,1,1,1,1,1,1,0,6
uipath_forum,"""SAP S/4HANA"" ""UiPath""",284095,877593,https://forum.uipath.com/t/maximize-sap-investments-with-uipath-automation-and-testing/284095/1,Maximize SAP Investments with UiPath Automation and Testing,2021-01-18T12:23:13.670Z,e79b9034cec2a93c,12,3562,,"Listen to the experts from PwC and UiPath on how SAP Automation and Testing are integrated seamlessly from a common platform SAP implementations are usually complex, undergo constant change and are not always easy to integrate with other services. For SAP users they often come with large volumes of manual, repetitive work. UiPath technology can provide answers to these challenges. Advanced RPA technology lets you deploy automation across your SAP and non-SAP systems while best-of-breed testing capabilities allow optimizing your critical end-to-end business processes. 𝗝𝗼𝗶𝗻 𝗼𝘂𝗿 𝘄𝗲𝗯𝗶𝗻𝗮𝗿 𝗼𝗻 2021-01-21T15:00:00Z 𝘁𝗼 𝗵𝗲𝗮𝗿 𝗮𝗯𝗼𝘂𝘁: How an automated, centrally managed approach supports continuous testing of your SAP business processes, robots and SAP S/4HANA migration How to execute tests faster using a unified testing environment that’s efficient, easy to use, and shareable across your organization How the UiPath low-code technology enables test development and simple deployment SPEAKERS: image 200×200 46.7 KB - Lev Kushnir | Director of Product Management, UiPath image 100×100 17.6 KB - Robert Thullner | Presales Technical Consultant, UiPath image 366×365 32.4 KB - Abdoul Fabré | Manager Finance Service Technology Consulting, PwC image 230×223 12.2 KB - Ard Kramer | Senior Consultant and Host of Test Automation days, OrangeCrest If you can’t attend the live webinar, simply sign up and we will send you the recording . Register HERE",231,1,0,1,0,0,0,0,0,1,0,0,0,1
uipath_forum,"""SAP S/4HANA"" ""UiPath""",284095,877616,https://forum.uipath.com/t/maximize-sap-investments-with-uipath-automation-and-testing/284095/2,Maximize SAP Investments with UiPath Automation and Testing,2021-01-18T12:57:46.800Z,e79b9034cec2a93c,12,3562,,,0,0,0,1,0,0,0,0,0,0,0,0,0,0
uipath_forum,"""SAP S/4HANA"" ""UiPath""",284095,877677,https://forum.uipath.com/t/maximize-sap-investments-with-uipath-automation-and-testing/284095/3,Maximize SAP Investments with UiPath Automation and Testing,2021-01-18T13:42:01.323Z,f7e1042ac257b1b3,12,3562,,"HI All, The preparation is done The demo is ready We are looking forward with my colleagues to meeting our SAP community Best regards, Lev",25,0,0,1,0,0,0,0,0,0,0,0,0,0
uipath_forum,"""SAP S/4HANA"" ""UiPath""",284095,877881,https://forum.uipath.com/t/maximize-sap-investments-with-uipath-automation-and-testing/284095/4,Maximize SAP Investments with UiPath Automation and Testing,2021-01-18T16:59:31.054Z,02200b2602e0a20b,12,3562,,"@LevKushnir Hello Lev, looking forward to the webinar. Best regards Stefan",11,0,0,1,0,0,0,0,0,0,0,0,0,0
uipath_forum,"""SAP S/4HANA"" ""UiPath""",284095,879784,https://forum.uipath.com/t/maximize-sap-investments-with-uipath-automation-and-testing/284095/5,Maximize SAP Investments with UiPath Automation and Testing,2021-01-21T06:34:48.359Z,6d60ee89c48e3aaa,12,3562,,"@LevKushnir Registered already! One thing, can i check if there is an SAP instance that we can use to practice our solutions?",22,0,0,1,0,0,0,0,0,0,0,0,0,0
uipath_forum,"""SAP S/4HANA"" ""UiPath""",284095,880054,https://forum.uipath.com/t/maximize-sap-investments-with-uipath-automation-and-testing/284095/6,Maximize SAP Investments with UiPath Automation and Testing,2021-01-21T11:30:33.727Z,f7e1042ac257b1b3,12,3562,,"HI @seanrockvz13 We are not offering an access to our SAP demo environment. Best regards, Lev",16,0,0,1,0,0,0,0,0,0,0,0,0,0
uipath_forum,"""SAP S/4HANA"" ""UiPath""",284095,880495,https://forum.uipath.com/t/maximize-sap-investments-with-uipath-automation-and-testing/284095/7,Maximize SAP Investments with UiPath Automation and Testing,2021-01-21T23:56:36.678Z,79f85f240c1f28de,12,3562,,"Hi All, Could you tell me where can get the review video? Thank you",14,0,0,1,0,0,0,0,0,0,0,0,0,0
uipath_forum,"""SAP S/4HANA"" ""UiPath""",284095,880496,https://forum.uipath.com/t/maximize-sap-investments-with-uipath-automation-and-testing/284095/8,Maximize SAP Investments with UiPath Automation and Testing,2021-01-21T23:59:37.455Z,79f85f240c1f28de,12,3562,,"Our team already using Winshuttle to automate SAP process… But somehow, it isn’t good experience. I really want to see how Uipath can do it. Please let me know if have any review for this demo.",37,0,0,1,0,0,0,0,0,0,0,0,0,0
uipath_forum,"""SAP S/4HANA"" ""UiPath""",284095,882264,https://forum.uipath.com/t/maximize-sap-investments-with-uipath-automation-and-testing/284095/9,Maximize SAP Investments with UiPath Automation and Testing,2021-01-25T10:45:02.225Z,f7e1042ac257b1b3,12,3562,,"HI @Chen_Kenny Please register to the webinar and you will get a link to the video. What are the challenges you have with SAP automation? Best regards, Lev",28,0,0,1,0,0,0,0,0,0,0,0,0,0
uipath_forum,"""SAP S/4HANA"" ""UiPath""",284095,882284,https://forum.uipath.com/t/maximize-sap-investments-with-uipath-automation-and-testing/284095/10,Maximize SAP Investments with UiPath Automation and Testing,2021-01-25T11:14:59.205Z,79f85f240c1f28de,12,3562,,"Thanks for your reply, I tried company mail and individual mail, but I didn’t receive any response. Even in the junk box. I think the main challenge is hard to efficiently corporate with different tools (Excel, Access), PLM systems (Web-based), which means we also need to spend much time creating many Access and Excel VBA tools. When the project is quite complicated, it’s hard to maintain. And the other problem is we can’t run the robots in the background. Thank you Best regards, Kenny Chen",89,0,0,1,0,0,0,0,0,0,0,0,0,0
uipath_forum,"""SAP S/4HANA"" ""UiPath""",284095,882548,https://forum.uipath.com/t/maximize-sap-investments-with-uipath-automation-and-testing/284095/11,Maximize SAP Investments with UiPath Automation and Testing,2021-01-25T16:34:01.221Z,f7e1042ac257b1b3,12,3562,,"@Chen_Kenny I have just checked with our marketing team. The recording will be available today/tomorrow and everyone registered will be notified. They have to convert the video and it took some time Best regards, Lev",36,0,0,1,0,0,0,0,0,0,0,0,0,0
uipath_forum,"""SAP S/4HANA"" ""UiPath""",284095,887837,https://forum.uipath.com/t/maximize-sap-investments-with-uipath-automation-and-testing/284095/12,Maximize SAP Investments with UiPath Automation and Testing,2021-02-03T09:55:16.984Z,f7e1042ac257b1b3,12,3562,,"New stuff is coming: UiPath Supports SAP ® WinGUI 7.70 | UiPath Blogs HI Community People Last week, SAP released the latest version of SAP WinGUI, 7.70. UiPath is proud to fully support SAP WinGUI 7.70 and all of its latest features. SAP customers who wish to create automations will benefit from seamless integration and support of all automation capabilities of the latest as well as previous versions of SAP WinGUI, such as SAP WinGUI 7.40, 7.50, and 7.60 (any patch level). UiPath customers are leveraging our automations on top of SAP S/4HANA® or SAP ECC® to ac… Best regards, Lev",106,1,0,1,0,0,0,0,0,0,0,0,0,0
uipath_forum,"""SAP S/4HANA"" ""UiPath""",284095,966525,https://forum.uipath.com/t/maximize-sap-investments-with-uipath-automation-and-testing/284095/13,Maximize SAP Investments with UiPath Automation and Testing,2021-06-03T17:55:43.731Z,100689bb1d57931e,12,3562,,"@Chen_Kenny I am interested more on this winshuttle issue I have a process that need SAP automation , but customer using winshuttle. But overall process is webapps, excel and other apps. and this winshuttle-excel add in is used. Did you over come your issue by removing winshuttle and use uipath or used uipath over winshuttle? and do rest of the process with uipath?",63,0,0,1,0,0,0,0,0,0,0,0,0,0
uipath_forum,"""SAP S/4HANA"" ""UiPath""",284095,966650,https://forum.uipath.com/t/maximize-sap-investments-with-uipath-automation-and-testing/284095/14,Maximize SAP Investments with UiPath Automation and Testing,2021-06-04T03:26:46.948Z,79f85f240c1f28de,12,3562,,Winshuttle has IPC(International Patent Classification) for download some SAP tables(very efficient) and background process SAP. I only use winshuttle to download SAP table because it’s more efficient than using uipath through the interface .,36,0,0,1,0,0,1,0,0,0,0,0,0,1
uipath_forum,"""SAP S/4HANA"" ""UiPath""",284095,966700,https://forum.uipath.com/t/maximize-sap-investments-with-uipath-automation-and-testing/284095/15,Maximize SAP Investments with UiPath Automation and Testing,2021-06-04T05:58:41.203Z,02200b2602e0a20b,12,3562,,"@Chen_Kenny Hello Kenny, that sounds interesting, but please help me to understand that better. I look around of the architecture of Winshuttle. In a video I found this map: image 1202×616 121 KB As far as I understand this map correctly, Winshuttle installs it owns function modules in the SAP back-end. Can you confirm this? Thanks and best regards Stefan P.S. Here an interesting White Paper .",69,0,0,1,0,0,0,0,0,0,0,0,0,0
uipath_forum,"""SAP S/4HANA"" ""UiPath""",284095,966798,https://forum.uipath.com/t/maximize-sap-investments-with-uipath-automation-and-testing/284095/16,Maximize SAP Investments with UiPath Automation and Testing,2021-06-04T08:08:40.649Z,79f85f240c1f28de,12,3562,,"I can’t 100% confirm that. I am a user not a developer for winshuttle. But I saw our winshuttle developer create a script in the latest winshuttle version. It’s quite simple to get the table (not need coding , like excel queery, but data already in there, you just search tables which our IT already defined), and also can customize the table for your business operation. user will get winshuttle script , our job just open , run , and get the table…",81,0,0,1,0,0,1,0,0,0,0,0,0,1
uipath_forum,"""SAP S/4HANA"" ""UiPath""",284095,966811,https://forum.uipath.com/t/maximize-sap-investments-with-uipath-automation-and-testing/284095/17,Maximize SAP Investments with UiPath Automation and Testing,2021-06-04T08:20:57.044Z,02200b2602e0a20b,12,3562,,"@Chen_Kenny Hello Kenny, thank you very much. RPA is a non-invasive approach and UiPath follows this. When Winshuttle implements a stub of RFC function modules it is invasive. In my opinion these approaches cannot be compared. Certainly then Winshuttle is much more powerful because it uses the technological approach of the SAP back-end system, which UiPath doesn’t do. Best regards Stefan",64,0,0,1,0,0,0,0,0,0,0,0,0,0
uipath_forum,"""SAP S/4HANA"" ""UiPath""",512506,1419931,https://forum.uipath.com/t/uipath-supports-the-latest-sap-wingui-8-00-and-sap-business-client-8-00/512506/1,UiPath Supports the Latest SAP® WinGUI 8.00 and SAP Business Client 8.00,2023-01-31T20:27:05.303Z,bbc5e661e106c6dc,0,896,,"SAP just released the latest version of SAP GUI for Windows (WinGUI) 8.00. UiPath is proud to announce full support—available now—for SAP WinGUI 8.00 and all the latest features. Thanks to a close partnership with SAP, SAP customers will experience the advantage of our certified integration with SAP. Customers will also be able to seamlessly migrate to the latest version of SAP WinGUI without needing to rework or adopt their current automation such as robotic process workflows or test cases. What does this mean for SAP WinGUI and SAP automation via the UiPath Business Automation Platform? SAP WinGUI is the front-end software of SAP systems, which allows users to interact with the system and perform various tasks such as data entry, reporting, and analysis. SAP ERP Central Component (ECC), SAP S/4HANA, and many other SAP systems use SAP WinGUI as their main user interface (and have for many years). UiPath Business Automation Platform supports the following versions of SAP WinGUI for Windows 7 and Windows 10, for both architecture types (32bit and 64bit) and for both logon tools SAP Logon and SAP Logon Pad. SAP WinGUI 8.00 (fresh newcomer to the SAP WinGUI family) SAP WinGUI 7.70 SAP WinGUI 7.60 SAP WinGUI 7.50 SAP WinGUI 7.40 All available themes (such as Quartz, Belize, Blue Crystal, or Corbu) can be used for SAP automation with UiPath. SAP Business Client 8.00 is also fully supported, so customers can automate via the UiPath Platform for all commonly used SAP Business Client versions such as 7.00, 7.70, and the latest 8.00. We support any browser type and all SAP user interfaces (UIs), including SAP WinGUI, SAP WebDynpro, and SAP Fiori Launchpad. Both 32bit and 64bit architecture types are supported. SAP WinGUI 8.00 highlights The most significant factor for UiPath customers to be aware of is that UiPath automation is not affected by the UI visual improvements. And automation can still be performed in a stable and reliable way. Here are the top three highlights of SAP WinGUI 8.00. True 64bit version of SAP GUI for Windows Previously, the SAP GUI for Windows was only offered in a 32bit version, except for certain automation controls such as the Logon Control, Table Factory Control, BAPI Control, and Function Control. While the 32bit version is compatible with 64bit operating systems, it does have limitations in terms of memory usage and integration with other 64bit processes. As a result of customer requests, SAP has implemented and began offering a 64bit version of the SAP GUI for Windows. With version 8.00, the SAP GUI includes both 32bit and 64bit versions. Customers can choose which version to use. However, it is not possible to run both versions simultaneously on the same PC. Improvements for Quartz themes SAP customers will find the user interface more visually appealing and easy to use thanks to the numerous improvements. The Quartz rendering engine has been overhauled, resulting in a more cohesive look and feel (such as improved rounded corners and text appearance). Additionally, SAP has added new features. The OKCode (“command”) field now includes buttons for deleting entries in its history using the mouse, and visualization of the dotted focus has been enhanced and is now more prominent. Enhancements: HTML Control based on Microsoft Edge and WebView2 The HTML Control, which is based on WebView2, is a relatively new control that relies on a new Microsoft component and has some limitations. However, in release 8.00, one of the most significant issues was resolved. Before, when SAP WinGUI opened an external browser window through the HTML Control, only a browser tab would appear (without navigation, menu, and tab-grouping options). But now, thanks to a new browser extension for Microsoft Edge, this limitation has been eliminated. Now, the HTML Control based on Edge can open a fully functioning Edge browser window, similar to how the HTML Control based on Internet Explorer already does. For more information, check out SAP's articles about the release: SAP GUI for Windows 8.00: New Features & Lifecycle Information New Major Release is on the way – SAP Business Client 8.00 Are you looking for ideas for business process automations on top of SAP WinGUI 8.00, seeking help with your move to SAP S/4HANA, or looking to accelerate and automate your SAP testing ? Talk to us . We're here to help. This is a companion discussion topic for the original entry at https://www.uipath.com/blog/product-and-updates/uipath-supports-latest-sap-wingui-8-and-sap-business-client-8",772,1,1,1,1,1,1,0,0,1,1,0,1,5
uipath_forum,"""SAP S/4HANA"" ""UiPath""",342188,1023490,https://forum.uipath.com/t/database-table-prologa/342188/1,Database table prologa,2021-09-02T22:40:52.168Z,17c4581ced849dfd,0,1073,,How can I find table data available for prologa,9,0,0,0,0,0,1,0,0,0,0,0,0,1
uipath_forum,"""SAP S/4HANA"" ""UiPath""",342188,1023568,https://forum.uipath.com/t/database-table-prologa/342188/2,Database table prologa,2021-09-03T03:46:29.297Z,02200b2602e0a20b,0,1073,,"@Marouane_Bahlouli Hello Marouane, welcome in the UiPath Community. For all for a better understanding: PROLOGA is a German IT company from Halle which offers SAP industry solutions like SAP Waste and Recycling and SAP Smart Meter Roll-Out . In the Operations Guide of SAP S/4HANA for Waste and Recycling by PROLOGA you can find a very important hint: “… in the /WATP/ namespace.” Thus it can be assumed that all PROLOGA specific tables start with the prefix /WATP/. Call transaction code (TAC) SE16 with /WATP/* and open the search help to get an overview. Or open in TAC SE16 the table DD02L and search /WATP/*. image 778×411 12.9 KB Best regards Stefan",114,1,0,1,0,0,1,0,0,0,0,0,0,1
uipath_forum,"""SAP S/4HANA"" ""UiPath""",342188,1025022,https://forum.uipath.com/t/database-table-prologa/342188/3,Database table prologa,2021-09-06T03:47:13.138Z,bbc5e661e106c6dc,0,1073,,This topic was automatically closed 3 days after the last reply. New replies are no longer allowed.,17,0,0,0,0,0,1,0,0,0,0,0,0,1
uipath_forum,"""SAP S/4HANA"" ""UiPath""",333587,1001243,https://forum.uipath.com/t/packed-rpa-presentations-robot-races-and-more-sapphire-now-day-1-highlights/333587/1,"Packed RPA Presentations, Robot Races, and More: SAPPHIRE NOW Day 1 Highlights",2021-07-29T19:46:02.969Z,bbc5e661e106c6dc,0,685,,"UiPath wrapped up an exciting first day at the 2019 SAPPHIRE NOW and ASUG Annual Conference ! If you don't have time to read through this post, Peter Villeroy, our Director of Global SAP Practice, shares a quick recap in this video: The keynote talk “Winning in the Experience Economy” kicked off the three-day annual SAP event. SAP CEO Bill McDermott set the tone for the event by explaining how customer and employee experiences relate to the economy: “Experience is now the organizing principle of the global economy. The difference between what people expect and what they actually experience is the experience gap. These inputs should be guiding the operational systems of your company.” Qualtrics CEO Ryan Smith joined McDermott onstage and elaborated that experience has become a growth engine for businesses. Smith highlighted the need for businesses to consider both operational data (O-data) and “experience data” (X-data) when making any business decision. A focus on improving both the employee and customer experiences is also an important part of the ' automation first ' mindset, which Param Kahlon, Chief Product Officer at UiPath, discussed in his presentation “Robotic Process Automation: The New Enterprise Superpower.” Param spoke to a standing-room-only crowd, explaining how UiPath delivers the ability to accelerate an organization’s digital transformation with an interface that doesn’t require any programming experience. He described how robotic process automation (RPA) provides the intelligent enterprise with more returns from their SAP investment and gave examples of ways SAP customers can use the UiPath Enterprise RPA Platform to automate business processes. To illustrate how automation can be used to improve the customer experience, Param gave a demonstration of UiPath, SAP, and a chatbot being used together. The demonstration involved a customer engaging with a Facebook chatbot to inquire about the status of their order. A UiPath Robot did everything from escalating the order to sourcing the parts from an alternate supplier and updating the new order ship date. The chatbot then informs the customer of the updated status. The entire process is quick and seamless for the customer. Back at the UiPath booth (#943), booth visitors were able to see just how quickly a UiPath Robot can be built when our CMO Bobby Patrick and pre-sales engineer Nadia Malik went head-to-head in a Robot challenge. The two raced against each other to build a UiPath Robot and the winner was the first to have their Robot successfully create a LinkedIn post with hashtags generated by a Microsoft text analysis service, linking to a UiPath blog article on an SAP topic. Malik was today’s winner with a time just over 4 minutes and she’ll defend her title in another Robot race on day two of the conference. Satya Pathangi and Ann Delmedico, from UiPath Global Business Partner Cognizant, also gave a presentation on intelligent automation at our booth. Later in the afternoon, Peter Villeroy joined Bill Hale, Digital Automation Leader at Ernst & Young, for their presentation “Accelerate Your SAP S/4HANA Migration with UiPath RPA and EY.” Hale walked (another) standing-room-only crowd through the benefits of using RPA when migrating to SAP S/4HANA. Together, Hale and Villeroy explained one example from the overall migration where applying advanced RPA capabilities can have a significant impact on the time and cost requirements of the project. 60% - 80% of what you’re doing in SAP ECC 6.0 we can migrate to SAP S/4HANA with automation “Using UiPath for the S/4HANA migration allows you to decrease costs, move to adoption and value faster, spend more on people enablement, spend less on technical enablement, and scale more efficiently with Robots.” We understand your business remains your business after you’ve migrated to S/4HANA and, ultimately, what you really want to gain from the validation phase is confidence that processes which worked before the migration will work the same after the migration. With that in mind, Villeroy explained the action steps for using UiPath to expedite your SAP S/4HANA migration validation phase, including that a lot of effort can be minimized by using UiPath Robots and reusable components. If you missed our presentation, you can learn more from Villeroy’s blog post Accelerate Your SAP S/4HANA Migration with RPA . As an added bonus, after you’ve successfully migrated to S/4HANA, your Robots not only know how to validate your business but also how to run your business processes moving forward. Thank you to all who came over to the booth to learn more about UiPath, cheer on the Robot race, and those who attended our presentations. Come by booth #943 today to see the Robot race or build your own SAP Robot in just 20 minutes. We also look forward to seeing you at our next presentations: Wednesday, May 8th, 11:00 AM Using Robotic Process Automation to Transform Your Finance Department Ashim Gupta, Chief Customer Success Officer, UiPath Wednesday, May 8th, 3:00 PM How to Improve Customer/Employee Experience Across the Enterprise with RPA David Marcus, Product and Technology Alliance Management VP, UiPath Tanja Breitling-Zboril, Global SAP Product Alliance, UiPath We also invite you to join the following UiPath Business Partners at booth #943 today for their presentations and demos: 11:00 AM - 1:00 PM IBM and UiPath: S4 Hana Migration Automation 1:00 PM - 2:00 PM Celonis: Process Mining 1:15 PM - 1:45 PM Ernst & Young and UiPath: S4/Hana Migration Validation 2:00 PM - 4:00 PM Cognizant: SAP Automation Invoice Processing and SAP Inter-company Reconciliation **Update** Read highlights from day two of UiPath at SAPPHIRE NOW 2019 . This is a companion discussion topic for the original entry at https://www.uipath.com/blog/automation/sapphire-now-2019-day-1-highlights",969,1,0,1,0,0,0,0,0,0,0,1,1,2
uipath_forum,"""SAP S/4HANA"" ""UiPath""",778588,1848946,https://forum.uipath.com/t/need-to-do-sap-testing/778588/1,Need to do SAP testing,2024-11-11T06:29:23.440Z,0ac3c80b48a5c966,4,181,,"Hello, I need to do automation fo SAP so i need to do first sap testing using UiPath. I have not done sap automation yet so learning same. can we install sap so i can test with UiPath and if yes please provide me with link or any information you have. help me on same.",55,0,0,1,0,0,0,0,0,1,0,0,0,1
uipath_forum,"""SAP S/4HANA"" ""UiPath""",778588,1849018,https://forum.uipath.com/t/need-to-do-sap-testing/778588/2,Need to do SAP testing,2024-11-11T08:30:53.754Z,9379da2d09e1ed90,4,181,,"Hi @Mathkar_kunal , Refer this link.",5,0,0,0,0,0,0,0,0,0,0,0,0,0
uipath_forum,"""SAP S/4HANA"" ""UiPath""",778588,1849774,https://forum.uipath.com/t/need-to-do-sap-testing/778588/3,Need to do SAP testing,2024-11-12T13:02:50.345Z,0ac3c80b48a5c966,4,181,,i have saw this video. my qestion was form where i can downlaod / install sap so can test on same. video is regarding how to automate with sap.,28,0,0,0,0,0,0,0,0,1,0,0,0,1
uipath_forum,"""SAP S/4HANA"" ""UiPath""",778588,1849776,https://forum.uipath.com/t/need-to-do-sap-testing/778588/4,Need to do SAP testing,2024-11-12T13:12:41.403Z,c9f2676a2a2c220a,4,181,,"Sap scripting API must be active. You need to enable this setting on both the user side and the server side. 1-Open SAP GUI (SAP GUI, i.e. Graphical User Interface must be active.) 2-Go to Options 3-Click on the Scripting tab and check the ENABLE scripting option Follow the steps below to activate it on the server side Access SAP server settings Set parameter to TRUE using transaction code RZ11",74,0,0,0,1,1,1,0,0,0,0,0,0,2
uipath_forum,"""SAP S/4HANA"" ""UiPath""",778588,1849778,https://forum.uipath.com/t/need-to-do-sap-testing/778588/5,Need to do SAP testing,2024-11-12T13:23:31.217Z,ed967c7fae115f32,4,181,,"Hi, If you’re new to SAP automation, UiPath Academy is a great resource. They offer free training courses on SAP automation, covering both the basics and advanced topics. You can sign up on the UiPath Academy website to take advantage of these tutorials. There are training courses called “SAP Specialized” and so on. You should check them out such as: UiPath Academy Automation Developer - SAP Specialist Training | UIPath Looking to build production-ready automations for SAP? This learning plan will provide the methods, best practices, tips and tricks, demos, and hands-on exercises to... Regards, Kardelen",97,0,0,1,0,0,0,0,0,0,0,0,0,0
uipath_forum,"""SAP S/4HANA"" ""UiPath""",778588,1849780,https://forum.uipath.com/t/need-to-do-sap-testing/778588/6,Need to do SAP testing,2024-11-12T13:25:38.013Z,ed967c7fae115f32,4,181,,"I’m not sure, I have never tried it but it seems like SAP offers a trial. You can check it out: SAP S/4HANA Cloud Trial : This is SAP’s latest ERP solution, available as a cloud trial. It provides a comprehensive environment for testing SAP functionalities and automating tasks. You can sign up for this trial here and navigate to the “Try for Free” section. SAP GUI for Windows : If you’re looking to test automation on the SAP GUI (the standard desktop client), you can find trial versions from various SAP forums or through SAP’s partners, as SAP doesn’t directly offer a public GUI download link. Alternatively, you could reach out to SAP directly or check SAP Community forums for guidance. SAP Developer Center : SAP also provides access to developer editions of certain products through the SAP Developer Center . They offer tutorials and resources to set up SAP systems for personal development, including options for running SAP on local or cloud environments. Each of these options should provide you with an environment to practice SAP automation with UiPath. Regards, Kardelen",185,1,0,1,1,1,0,0,0,1,0,0,0,2
uipath_forum,"""SAP S/4HANA"" ""UiPath""",778588,1849904,https://forum.uipath.com/t/need-to-do-sap-testing/778588/7,Need to do SAP testing,2024-11-12T18:43:38.409Z,1d3b910501aa54e5,4,181,,"Hi Kunal, You can refer this blog on the UiPath Community, which provides a step-by-step guide for building your first SAP-based automation: [ Automating SAP Compliance and Audit Processes ] Feel free to reach out if you have any questions! Happy Automation",43,0,0,1,0,0,0,0,0,0,0,0,0,0
uipath_forum,"""SAP S/4HANA"" ""UiPath""",778588,1849919,https://forum.uipath.com/t/need-to-do-sap-testing/778588/8,Need to do SAP testing,2024-11-12T19:15:25.144Z,0ac3c80b48a5c966,4,181,,yes i will refer but can you please help me to install sap on my laptop for testing purpose. my requirement is to install sap first so i can test.,30,0,0,0,0,0,0,0,0,1,0,0,0,1
uipath_forum,"""SAP S/4HANA"" ""UiPath""",778588,1850025,https://forum.uipath.com/t/need-to-do-sap-testing/778588/9,Need to do SAP testing,2024-11-13T04:33:19.719Z,1d3b910501aa54e5,4,181,,"Hi Kunal, You can download the trial version from this link: Developer Trials and Downloads | SAP Developer .",17,0,0,0,0,0,0,0,0,0,0,0,0,0
uipath_forum,"""SAP S/4HANA"" ""UiPath""",333592,1001248,https://forum.uipath.com/t/building-intelligent-enterprise-how-rpa-takes-your-sap-applications-to-the-next-level/333592/1,Building Intelligent Enterprise: How RPA Takes Your SAP Applications to the Next Level,2021-07-29T19:46:04.615Z,bbc5e661e106c6dc,0,632,,"The world is watching closely as both physical and software robots take on more and more tasks, freeing up employees’ time for strategic, productive, or purely fun activities. While SAP has provided solutions and services for automation since introducing Business Workflow in the 1990s, deploying Robotic Process Automation (RPA) for SAP-centric business processes is still new to many traditional SAP customers. If you are among those SAP project leads, architects, or end users who still feel slight discomfort or unfamiliarity with how RPA and SAP processes make a great fit, this blog post is for you. In this post, I will discuss: What RPA can do for SAP customers and how this differs from traditional back-end automations Example use cases for RPA in SAP environments How to get started automating SAP processes with RPA Automating manual, repetitive tasks with RPA has the following benefits: Immediate savings with the first automated processes Reduced risk by not touching your back-end systems Decreased workload for information technology (IT) employees, enabling them to focus on business-critical activities Typical use cases for RPA and SAP solutions Order-to-Cash process Take the example of automating a SAP Sales Order entry: A software robot will read the information on incoming sales orders (which may come in the form of paper documents, emails, email attachments, or Excel spreadsheets) via optical character recognition (OCR). The robot would then enter the information in SAP, book the Sales Order in SAP, and start the Sales Order fulfillment process. Supply Chain Management and Procurement processes When automating a supplier evaluation process, a robot can compare current prices and availability of goods and raw material. The robot will check for delivery times from different suppliers, and evaluate suppliers and material ratings. A software robot can also be used to automate the purchase order follow-up process. Robots can be used to analyze data and determine answers to the following questions: Has the vendor received the purchase order and has he accepted it? Has the PO been fulfilled? Are related documents (such as a goods receipt or invoice) available and do they match the order? HR onboarding process With RPA, a robot can input HR Master Data from the recruiting application directly into the SAP Human Capital Management (HCM) system or SAP SuccessFactors systems. Uploading data from resumes, drivers’ licenses, and HR forms can also be completed via RPA. SAP S/4HANA migration Migrating to SAP S/4HANA can be a tedious and cost-intensive project. You can reduce your cost, reduce the risk of the migration, and speed up the migration process by automating some of the tasks related to preparing for the migration and the data validation phase. Register for our webinar to learn how RPA can accelerate your S/4HANA future! Getting started using RPA to automate SAP processes 1. If you are new to RPA, start by making yourself familiar with UiPath by downloading the UiPath Community Edition or start a free trial of the UiPath Enterprise RPA Platform . 2. Identify the manual, but standard, high volume SAP processes that are the most promising for RPA implementation. You can also refer back to the examples above for inspiration. 3. Contact us or one of our specialized business partners and we would be happy to help you. Tanja Breitling-Zboril heads Global SAP Product Alliance at UiPath. This is a companion discussion topic for the original entry at https://www.uipath.com/blog/rpa/sap-and-rpa-together-drive-digital-transformation",585,1,0,1,0,0,0,0,0,0,0,1,0,1
uipath_forum,"""SAP S/4HANA"" ""UiPath""",395888,1139212,https://forum.uipath.com/t/how-cios-can-achieve-end-to-end-automation/395888/1,How CIOs Can Achieve End-to-End Automation,2022-02-01T12:21:59.516Z,bbc5e661e106c6dc,0,882,,"COVID has impacted our lives to the maximum extent, but it has also acted as a catalyst for chief information officers (CIOs) in accelerating digital growth. In hindsight, what IT leaders have achieved during COVID is phenomenal. Quickly enabling remote capabilities for organizations and ensuring business continuity were daunting tasks which savvy CIOs achieved efficiently. Enabling new business models for the new normal through technology helped show IT as a strategic function in the organization rather than a mere operational function. However, this came at the cost of additional workload to IT teams. IT operation activities have increased significantly due to an increase in service requests, cyberattacks, and the demand for new digital solutions. A recent Morgan Stanley Research report highlighted that IT spend and demand for digital growth and operational efficiencies will continue to sustain in 2022. The key challenge for CIOs is always to balance the strategic alignment of growth and efficiency. Automation provides a critical path to achieving both strategies. When it comes to automation, UiPath has become a ‘one-stop shop’ for all automation needs, be it automating business processes, streamlining IT operations, improving the customer experience, or accelerating deployment of new digital solutions. Achieving operational excellence Achieving operational excellence involves utilizing workforce and assets efficiently, streamlining operational processes, and maximizing value to the customer at the lowest cost. ![uipath transforming digital optimization process](upload://nwEiPVducWUK6YcStJ0NL39IGrE.jpeg) Service management Our customers are automating contact centers, be it customer service or an internal IT helpdesk. Contact center automation enables customers to self-serve their needs. And automation delivers outcomes like reducing average handling time (AHT) and increasing first contact resolution rates. Self-service chatbots can resolve many service tickets, thereby reducing the number of tickets helpdesk agents manually review. UiPath robots can automate: User management activities include onboarding/offboarding of employees, access/role changes, resetting passwords, blocking/unblocking users. License management activities by optimizing the license usage and automating upgrades/downgrading license types based on the needs. Asset management activities include maintaining inventory, usage, and integration with other solutions. UiPath integrates with information technology service management (ITSM) tools used by clients and extends automation capabilities, especially in multi-platform environments. IT operations UiPath Platform automates IT operations fully by complementing and integrating existing operations and monitoring tools to achieve end-to-end automation. Your current performance monitoring tools may generate alerts but may not auto correct the root cause. Your IT ops team may get an alert or receive a ticket and need to perform actions manually. A UiPath bot can automate these activities by invoking remediations with pre-built actions based on alerts e.g., Infrastructure provisioning and orchestration Backup and patch management Cloud management UiPath complements existing monitoring tools by enabling integration of these tools with any application or command-line interface (CLI) tools. Security operations UiPath automates security operations and risk management lifecycle by automating detect/prevent controls, testing, assessments, auditing, and remediation activities using event-driven automation and responses. Some of the security use cases examples implemented using UiPath include: Security orchestration, automation, and response (SOAR) Continuous policy controls testing for compliance audits Automating security risk assessments Data management UiPath assists clients in various data management activities. Users can trigger UiPath automation through industry-leading data analytics platforms like Tableau and Qlik . Using UiPath Data Service , users can store business data in a centralized manner and use it across multiple automations. Some of the common data management use cases include: Accelerate data extraction, publish and update system of record Trigger and perform data enrichment activities Automate data admin, cleaning, and preparation tasks Automatically trigger workflows within data platforms Accelerating digital transformation Digital transformation is a broader strategic initiative involving people, processes, and technology. Organizations on their transformation journeys may have already optimized their existing operations. While transformation requires change management , company culture support, and new business models, one of the key components of digital transformation is developing new digital solutions. Our clients are able to empower their agile teams by integrating their continuous delivery pipeline with UiPath, thereby accelerating various software lifecycle phases. ![cios achieve end to end automation uipath accelerates digital platform delivery](upload://QfyrDKww6x3TVB9kctVbrBBfHl.png) Preparation The first challenge in any software project is to have a good understanding of how work gets done. Using a combination of UiPath Task Mining , UiPath Process Mining , UiPath Task Capture , and UiPath Automation Hub ensures you use both system data and employee expertise to identify impactful automation and transformation opportunities. Recommended reading: A Simple Framework for Determining What Enterprise Processes You Should Automate Development Every development project requires new code development, creating/updating objects, code remediation, coding standards, etc. UiPath Marketplace offers more than 1,300 enterprise-grade reusable activity packs published by automation experts and practitioners from across the globe. These pre-built accelerators help expedite development efforts. UiPath Integration Service UiPath combines both best-in-class user interface (UI) automation capabilities with API automation capabilities—both accessible even in a single workflow. UiPath Integration Service offers a rapidly growing set of connectors to various popular platforms such as Salesforce , ServiceNow , Microsoft , Oracle , and many more. This enables customers to drive automations spanning one or more different line-of-business systems via API-based integration. Simplified authentication and low-code/no-code tools empower developers. Bonus: Find out how low-code strategies and tools are making CIOs more competitive . Server-side triggers drive robots to take the next-step in near real time in order to successfully complete any automated business workflow. Migration There are various migration activities performed by developers during the development phase. In a typical cloud migration project, there are standard activities like virtual machine (VM) preparation, user management, policy configurations, lift and shift activities, network and security configurations. These activities can be expedited by using built-in wizards from UiPath. Similarly, UiPath accelerates data migration activities, especially when it comes to data validation and data mapping activities—migrations not easily feasible through extract, transform, and load (ETL) processes. Continuous testing Testing consumes a big chunk of time in any development project and is low-hanging fruit for automation . Test automation using UiPath not only accelerates the project testing activities but also automates the actual business process itself as the same scripts can also be used for the production process. Our test suite of products integrate with test management and application lifecycle management (ALM) tools to provide end-to-end test automation. Using UiPath Test Manager , automated testing reduces the time to test workflows by more than three times and maintenance is minimized. Thorough testing reduces risks of production disruptions and frees up your RPA team to build new robots. AI/ML-enabled automation UiPath has artificial intelligence (AI) capabilities which allow developers to deploy, manage, and continuously improve machine learning (ML) models. And leverage those ML models within RPA workflows in UiPath Studio, enabling decision-making abilities in the processes. With UiPath AI Center™, you can find AI solution templates that provide ready-to-use building blocks for AI-enhanced automation—RPA workflows, pre-built ML models, sample datasets, analytics, and even humans in the loop. Some of the pre-built models include: UiPath Document Understanding model for a wide range of document types, like invoices, receipts, purchase orders, and more Image analysis model for image moderation and object detection Language analysis model for text classification, language detection, translation, named entity recognition, and sentiment analysis Language comprehension model for question answering, semantic similarity, and text summarization Tabular data model for regression and classification These automations can be applied to any software development project. As an example, you may be interested in reading what these automations mean to the SAP S/4HANA migration project . In summary, UiPath enables end-to-end automation in all IT areas, irrespective of the existing infrastructure and operations (I&O) and ITSM tools in place. UiPath compliments existing I&O, monitoring, and service management tools and provides a critical path to zero human-touch operations and accelerated delivery of new solutions. Learn more about IT automation use cases in the IT automation solution section . This is a companion discussion topic for the original entry at https://www.uipath.com/blog/product-and-updates/how-cios-can-achieve-end-to-end-automation",1376,1,0,1,0,0,1,1,0,1,1,1,0,5
uipath_forum,"""SAP S/4HANA"" ""UiPath""",352142,1049783,https://forum.uipath.com/t/uipath-community-2021-10-stable-release-sap-automation/352142/1,UiPath Community 2021.10 Stable Release - SAP Automation,2021-10-11T12:02:58.465Z,f7e1042ac257b1b3,1,3890,,"UiPath Community 2021.10 Stable Release - SAP Automation This topic goes in-depth about the improvements to SAP Automation. To read about other products, please navigate to the main topic here . Introduction HI UiPath SAP Community It was a long time since my last update on our latest and greatest offering for SAP Automation including SAP Robotic Process Automation and SAP Test Automation. Let me summarize the main topics, what we have addressed since the last update and advise you to try it out and provide your feedback. Looking forward to hearing from you. Best regards, @LevKushnir SAP WinGUI We did a bunch of improvements and bug fixing under the hood You do not see it, you fill it, the whole solution just works based on your expected. SAP WinGUI 7.70 support UiPath Studio supports the latest version of SAP WinGUI 7.70 with all new features such as a new visual theme Quartz, support for alternative browser control (Microsoft Edge), as well as multi-monitor scaling support. Read more here . Significant improvements and support for SAP ALV Tables Data Scraping and Screen Scraping are supported for data extraction. One selected table on the SAP screen with one or many tables can be extracted. image 1469×768 74.7 KB Data Scraping for Multiple header ALV Tables is implemented UiPath Studio is now able to extract the proper data even from the table which has header spread in two or more lines. image 1673×891 85.3 KB Expose ColorIndex for SAP ALV Tables We have introduced a new attributes ColorIndex / ColorIntensified / ColorInverse, which allows to identify the background colour of elements. image 773×496 45.3 KB Introduce Column tooltip for data extraction for SAP ALV Tables In some cases the column tooltip name can be different from displayed name in SAP ALV Tables. Now the user has a possibility to distinguish between both and use the proper attribute for automation purposes. The new option for the columns_name_source parameter is “Tooltip"" to define the way you want to get the table information. image 210×134 5.93 KB see example above CTY vs Country Selector enhancements for SAP ALV Tables Added a full support for the following attributes in the selector for main SAP objects (previosly identified by id ), newly by: text , tooltip or type . image 1433×493 54.4 KB New Activity: Expand ALV Tree Lists Introduce a new activity to support the easy of work with SAP ALV Tree Lists. User must select the node, which needs to be opened / expanded. And activity will ensure the right navigation within SAP ALV Tree List. Once the node in opened, you can use any other activities to work with the element, such as click, double click or e.g., get a colour of element. image 650×322 66 KB Other SAP Table improvements and enhancements Scrolling behaviour in the tables To support the speed of execution (reduce the execution time) we improved the behaviour for different table/cell positions. If the table cell is visible on the screen → do not scroll . If the table cell is not visible → do scrolling. Сonsistency across the whole table identification approach. Default selectors for column headers in SAP Tables are using now ColTooltip instead of tableCol to provide consistency across the table identification. SAP FIORI Big picture of capabilities Automation can be created out-of-the-box. You are not required to install a dedicated SAP extensions or use any specific set of activities. SAP Fiori automations can be created for all common used web browsers Support for all SAP Fiori versions 1.52 and above which are in Maintenance by SAP. We have introduced a new way of automation SAP Fiori, using SAP Fiori API framework, which allows us stable and reliable automation, which is not depending on SAP dynamic HTML structure and use native SAP Fiori properties. Read more in the documentation . Table Cell Scope Activity We have enabled this activity to be able to work with SAP Fiori Tables. Read more here . Auto scrolling for SAP Fiori Tables This feature allows UiPath to scroll automatically to the right cell in any SAP Fiori tables without any worries/thinking for user. UiPath will wait until data are loaded / UiPath will scroll for you / UiPath will find the right cell / UiPath will understand the element / It can be Smart Table, Simple Table, GridTable! Easy use: Use Table Cell Scope Activity → indicate the right cell on screen → UiPath will ensure the right navigation. This is a unique approach, where we are using a mature ML technology to understand the SAP Fiori table and to determine the cell for scrolling without interacting with the user. Truly innovation. Patent pending technology! SAP Business Client We are introducing support for Chromium for SAP Business Client. This allows users to take an advantage of the same performance and SAP Fiori capabilities as in Google Chrome using UiPath Studio. All SAP Fiori elements are properly recognized with all their SAP FIORI specific properties, all SAP Fiori version are supported. More about SAP Fiori automation is here image 1481×516 83.3 KB SAP BAPI We have release a few new versions of SAP BAPI during the year with the main focus to provide more stability and improve bug handling. Bunch of improvements and bug fixes under the hood New documentation has been just released here Enhanced the Configure dialog in the SAP Application Scope activity to be able to manage the robot connection and copy parameters from design connection to robot connection. image 1046×680 37.3 KB Introduce telemetry to collect usage and performance data to help diagnose problems and improve its products. The SAP BAPI Activity pack is also available to download over UiPath Marketplace SAP SuccessFactors image 1203×690 31.5 KB We introduced the new way for SAP SuccessFactors automation . Use UiPath pre-build activity package for SAP SuccessFactors API automation behind the user interface. The package provides an integration between UiPath and SAP SuccessFactors public API that permits the usage of key functionalities that are most likely to be used in automation. The SAP SuccessFactors Activity pack is available to download over UiPath Marketplace SAP Change Impact Mining In cooperation with our UiPath Technology partner, we are offering our customers the Change Impact Mining for SAP ECC and SAP S/4HANA Projects. It analyses the impact of SAP software changes such as Change of ABAP-Code or Customizing, Application of SAP Note, SAP Support Package or SAP Enhancement Package and uses this information: for test optimization to reduce the testing effort to understand the impact on test processes and business transactions to know what needs to be tested This helps customers to focus on the test cases and adjust efforts on used functionality only , instead of testing the whole regression testing portfolio. The whole concept consist of 3 steps image 1783×389 52.7 KB The newly implemented activities and SAP project template below describes the first steps into the world of SAP Change Impact Mining. SAP Monitoring Introduce the new activity SAP Session Attributes Change Trigger to allow the monitoring of SAP session attributes. During the run time, any change in SAP session attribute will be logged. User can define which SAP session attributes he is interested in. All available SAP session attributes are available here . Per Default the monitoring is set for SAP Transactions and SAP Programs image 398×477 30.8 KB . SAP Testing Project Template Additionally to the SAP Session Attributes Change Trigger a new SAP Testing Project Template is provided in the marketplace. image 978×372 11.5 KB SAP Testing Project Template is using Execution template concept , which allows us to run in parallel the real SAP TestCase and SAP Monitoring. This helps to collect the information about real executed SAP transactions and SAP programs and their dependences during the run time. All collected information are automatically submitted to the UiPath Test Manager and visible on the level of test cases. MIscellaneous UiPath Accelerators for SAP UiPath Accelerators can be downloaded directly from the UiPath Marketplace and contain ready-to-go workflows for the most-used transactions and applications in SAP ECC and SAP S/4HANA . Predefined workflows can be used for both SAP Robotic Process Automation and as an SAP Test Cases, thus creating synergies in your automation journey. UiPath StudioX Activities - quick introduction A quick guide to explain different kinds of SAP Activities available out-of-the-box",1414,1,1,1,0,1,1,0,1,1,1,0,0,5
uipath_forum,"""SAP S/4HANA"" ""UiPath""",352142,1052764,https://forum.uipath.com/t/uipath-community-2021-10-stable-release-sap-automation/352142/2,UiPath Community 2021.10 Stable Release - SAP Automation,2021-10-15T09:06:42.668Z,3aee2fa6f2218c79,1,3890,,Excited for SAP FIORI framework,5,0,1,1,0,1,0,0,0,0,1,0,0,2
uipath_forum,"""SAP S/4HANA"" ""UiPath""",352142,1052770,https://forum.uipath.com/t/uipath-community-2021-10-stable-release-sap-automation/352142/3,UiPath Community 2021.10 Stable Release - SAP Automation,2021-10-15T09:13:14.935Z,f7e1042ac257b1b3,1,3890,,"Thanks, @Arpit_Kesharwani Last week I did a deep dive into SAP UI Automation. Check it out here and see live SAP Fiori automation UiPath Automate SAP S/4HANA business processes across all user interfaces | UiPath Virtual Event - In this session you will learn how to automate the latest SAP FIORI versions and SAP WinGUI in your SAP S/4HANA environment. We will share best practices in SAP automation covering both SAP RPA and SAP Testing. Best regards, Lev",78,1,1,1,0,1,0,0,0,0,1,0,0,2
uipath_forum,"""SAP S/4HANA"" ""UiPath""",352142,1052918,https://forum.uipath.com/t/uipath-community-2021-10-stable-release-sap-automation/352142/4,UiPath Community 2021.10 Stable Release - SAP Automation,2021-10-15T11:54:36.125Z,02200b2602e0a20b,1,3890,,"@LevKushnir Excellent Lev, the new features sounds great.",8,0,0,1,0,0,0,0,0,0,1,0,0,1
uipath_forum,"""SAP S/4HANA"" ""UiPath""",352142,1052928,https://forum.uipath.com/t/uipath-community-2021-10-stable-release-sap-automation/352142/5,UiPath Community 2021.10 Stable Release - SAP Automation,2021-10-15T12:16:29.029Z,00bd59f9d9a6a6e7,1,3890,,Great new features.,3,0,0,1,0,0,0,0,0,0,1,0,0,1
